序号,视频编码(BV号),视频标题,发布时间,播放量,时长,分区,合集/系列,视频链接
1,BV1gW411a7yC,【人文】哲学入门教程—导言,2017-12-14,299727,18:44,人文历史,,https://www.bilibili.com/video/BV1gW411a7yC
2,BV1gW411a7se,【人文】哲学入门第二讲—唯物or唯心？,2017-12-14,178672,16:12,人文历史,,https://www.bilibili.com/video/BV1gW411a7se
3,BV1gW411a7Mo,【人文】形而上学or辩证法？,2017-12-14,147783,13:51,人文历史,,https://www.bilibili.com/video/BV1gW411a7Mo
4,BV1cb411U7Gr,一分钟哲学课,2019-02-13,956476,161:40,人文历史,,https://www.bilibili.com/video/BV1cb411U7Gr
5,BV15y4y1k72L,【三分钟哲学】【辩证法】什么是辩证法,2020-11-02,358804,03:26,人文历史,,https://www.bilibili.com/video/BV15y4y1k72L
6,BV12a4y1s78w,【十分钟哲学】为什么学哲学,2020-11-02,207158,10:27,人文历史,,https://www.bilibili.com/video/BV12a4y1s78w
7,BV1KA411j7BY,【三分钟哲学】【辩证法】鸡生蛋？蛋生鸡？,2020-11-02,144281,03:26,人文历史,,https://www.bilibili.com/video/BV1KA411j7BY
8,BV13D4y1R7uv,【三分钟哲学】【辩证法】先有鸡？先有蛋？,2020-11-02,156866,03:38,人文历史,,https://www.bilibili.com/video/BV13D4y1R7uv
9,BV1Ji4y1L7f7,【三分钟哲学】【辩证法】子非鱼，安知鱼之乐？,2020-11-02,158881,03:31,人文历史,,https://www.bilibili.com/video/BV1Ji4y1L7f7
10,BV1Sy4y1B7X6,【三分钟哲学】【辩证法】两次跨入同一条河流？,2020-11-03,123476,03:28,人文历史,,https://www.bilibili.com/video/BV1Sy4y1B7X6
11,BV1gi4y1L75b,【三分钟哲学】【辩证法】性VS权力，弗洛伊德VS尼采,2020-11-04,136450,03:33,人文历史,,https://www.bilibili.com/video/BV1gi4y1L75b
12,BV1Sr4y1w7Dt,【三分钟哲学】【辩证法】感性、知性、理性？,2020-11-04,112053,03:25,社科·法律·心理,,https://www.bilibili.com/video/BV1Sr4y1w7Dt
13,BV1sK4y1E7LR,【三分钟哲学】【辩证法】我思故我在？,2020-11-04,151803,04:11,人文历史,,https://www.bilibili.com/video/BV1sK4y1E7LR
14,BV1X5411L7Yy,【三分钟哲学】【辩证法】未来是完全确定的吗？,2020-11-05,164700,03:28,人文历史,,https://www.bilibili.com/video/BV1X5411L7Yy
15,BV1qa411c7EU,【三分钟哲学】【辩证法】别再污蔑决定论！,2020-11-05,181409,03:51,人文历史,,https://www.bilibili.com/video/BV1qa411c7EU
16,BV1mr4y1w7B1,【三分钟哲学】【辩证法】何为自由？何为实践？,2020-11-05,185806,05:25,人文历史,,https://www.bilibili.com/video/BV1mr4y1w7B1
17,BV16r4y1w7oY,【三分钟哲学】【辩证法】科学VS迷信？,2020-11-06,96508,03:31,社科·法律·心理,,https://www.bilibili.com/video/BV16r4y1w7oY
18,BV1cf4y1q7ay,【三分钟哲学】【辩证法】现实VS理想？,2020-11-06,102865,03:44,人文历史,,https://www.bilibili.com/video/BV1cf4y1q7ay
19,BV115411L7zJ,【三分钟哲学】【辩证法】个人主义VS集体主义？,2020-11-06,134639,03:33,人文历史,,https://www.bilibili.com/video/BV115411L7zJ
20,BV1gA411x76y,【三分钟哲学·存在主义】1-哲学的基本问题,2020-11-15,136770,03:37,人文历史,,https://www.bilibili.com/video/BV1gA411x76y
21,BV1ba411w7jr,【四分钟哲学·存在主义】3-形而上学的基本问题,2020-11-15,112372,04:17,人文历史,,https://www.bilibili.com/video/BV1ba411w7jr
22,BV1dv411r7bz,【3分钟哲学·存在主义】2-真理之路,2020-11-15,108200,03:52,人文历史,,https://www.bilibili.com/video/BV1dv411r7bz
23,BV1Wz4y1y7vF,【四分钟哲学·存在主义】4-谬误之路,2020-11-15,89326,04:16,人文历史,,https://www.bilibili.com/video/BV1Wz4y1y7vF
24,BV1Fa411w7si,【八分钟哲学·存在主义】6-谬误之路详解,2020-11-15,74088,10:05,人文历史,,https://www.bilibili.com/video/BV1Fa411w7si
25,BV1HK411V7cC,【八分钟哲学·存在主义】5-哲学的入门心法,2020-11-15,119403,08:20,人文历史,,https://www.bilibili.com/video/BV1HK411V7cC
26,BV1fZ4y137oS,7、形而上学基本问题详解,2020-11-15,167190,46:35,人文历史,,https://www.bilibili.com/video/BV1fZ4y137oS
27,BV1hf4y1q7e3,【10分钟哲学·齐泽克】三种愚蠢让你理解拉康的“大他者”,2020-11-20,179064,13:29,人文历史,,https://www.bilibili.com/video/BV1hf4y1q7e3
28,BV1fK4y1Z7vH,【10分钟哲学·齐泽克】意识形态的基本逻辑,2020-11-20,249250,11:57,人文历史,,https://www.bilibili.com/video/BV1fK4y1Z7vH
29,BV1fa4y1p7wv,【二十五分钟哲学】为什么说“缸中之脑”很蠢？,2020-11-20,165924,25:51,人文历史,,https://www.bilibili.com/video/BV1fa4y1p7wv
30,BV1Zi4y1V77m,【一刻钟哲学】如何破解虚无主义？（1-理工科版）,2020-11-24,130703,16:23,人文历史,,https://www.bilibili.com/video/BV1Zi4y1V77m
31,BV1Pr4y1c7ZA,【一刻钟哲学】如何破解虚无主义？（3-程序员、艺术、设计版）,2020-11-24,65358,18:06,人文历史,,https://www.bilibili.com/video/BV1Pr4y1c7ZA
32,BV1Yz4y1k7DS,【二十分钟哲学】如何破解虚无主义？（4-互联网版）,2020-11-24,64076,22:15,人文历史,,https://www.bilibili.com/video/BV1Yz4y1k7DS
33,BV12Z4y1G74S,【一刻钟哲学】如何破解虚无主义？（2-文科社科版）,2020-11-24,78666,16:35,人文历史,,https://www.bilibili.com/video/BV12Z4y1G74S
34,BV1PA41147dV,【一刻钟哲学】两种主体之庸俗的主体,2020-11-26,67814,15:42,人文历史,,https://www.bilibili.com/video/BV1PA41147dV
35,BV1Li4y1j7rD,【二十分钟哲学】两种主体之哲学的主体（以及何为先验主体性）,2020-11-26,71083,19:45,人文历史,,https://www.bilibili.com/video/BV1Li4y1j7rD
36,BV17Z4y1G7si,【二十五分钟哲学】主体和实体的关系（从康德到黑格尔）,2020-11-26,113946,25:59,人文历史,,https://www.bilibili.com/video/BV17Z4y1G7si
37,BV1w54y167pA,【四十分钟哲学】【论无】1、两种真空（齐泽克与希格斯场）和两种无（纯无、否定性的无）,2020-11-27,50316,42:12,人文历史,,https://www.bilibili.com/video/BV1w54y167pA
38,BV1dv411t7KC,【现代哲学史】1-笛卡尔主义（用电脑和爱情做比喻）,2020-11-29,113165,15:12,人文历史,,https://www.bilibili.com/video/BV1dv411t7KC
39,BV17K4y1f7jC,【现代哲学史】2-斯宾诺莎与无限月读（原来是黑绝？）,2020-11-29,67041,09:48,人文历史,,https://www.bilibili.com/video/BV17K4y1f7jC
40,BV1yV411a7ed,【25分钟哲学】梦和醒的关系,2020-11-29,58962,24:26,人文历史,,https://www.bilibili.com/video/BV1yV411a7ed
41,BV1Ft4y1Y7nM,【现代哲学】3-莱布尼兹：用比特币克服无限月读（这也行？）,2020-11-29,53558,18:49,人文历史,,https://www.bilibili.com/video/BV1Ft4y1Y7nM
42,BV1xZ4y1G78r,【现代哲学史】前康德哲学总结：哲学史=游戏史,2020-11-29,51945,08:51,人文历史,,https://www.bilibili.com/video/BV1xZ4y1G78r
43,BV1pa4y1W7LU,【现代哲学史】4-理性主义VS经验主义（修改器VS卡bug）,2020-11-29,49744,10:15,人文历史,,https://www.bilibili.com/video/BV1pa4y1W7LU
44,BV1yy4y167AX,【现代哲学史】5-康德原来是第一个民间制作组MOD大师,2020-11-29,51916,18:23,人文历史,,https://www.bilibili.com/video/BV1yy4y167AX
45,BV1pr4y1c7pX,【现代哲学史】5-康德伦理学，原来就是苦逼007debug程序员,2020-11-29,42984,10:19,人文历史,,https://www.bilibili.com/video/BV1pr4y1c7pX
46,BV12z4y1k7jb,【现代哲学史】6-费希特哲学原来是S服架设手册,2020-11-29,42719,12:12,人文历史,,https://www.bilibili.com/video/BV12z4y1k7jb
47,BV1qK411V7wh,【现代哲学史】7-谢林：费希特你用单机联机搞不定？上云！,2020-11-29,57190,20:35,人文历史,,https://www.bilibili.com/video/BV1qK411V7wh
48,BV14r4y1c7cS,【现代哲学史】终·黑格尔：原来主体是用来恢复系统的U盘！,2020-11-29,78161,20:33,人文历史,,https://www.bilibili.com/video/BV14r4y1c7cS
49,BV1QD4y1X76m,【一小时哲学·精神分析】生肉未剪：拉康的符号学（大他者、原初能指、主人能指、幻想公式）,2020-11-30,282436,58:57,人文历史,,https://www.bilibili.com/video/BV1QD4y1X76m
50,BV1Y54y167bQ,【八分钟哲学·精神分析】何为大他者？何为精神病？,2020-12-04,270259,08:20,社科·法律·心理,,https://www.bilibili.com/video/BV1Y54y167bQ
51,BV1tA41147TJ,【十分钟哲学】什么是政治？——符号学缝合术,2020-12-04,69472,09:10,人文历史,,https://www.bilibili.com/video/BV1tA41147TJ
52,BV1Dt4y1Y7S2,【十分钟哲学】左翼-自由-保守——政治立场三元组,2020-12-04,69930,23:00,人文历史,,https://www.bilibili.com/video/BV1Dt4y1Y7S2
53,BV1GV411h7EU,【一小时哲学·精神分析】早期拉康VS两种版本的晚期拉康,2020-12-05,80788,54:43,人文历史,,https://www.bilibili.com/video/BV1GV411h7EU
54,BV1et4y1Y7u4,【二十分钟哲学】自由-保守-激进主义之外的第四条路,2020-12-05,57807,17:16,人文历史,,https://www.bilibili.com/video/BV1et4y1Y7u4
55,BV14Z4y1g77b,【半小时哲学】自私与邪恶是一回事吗？,2020-12-06,50624,27:23,人文历史,,https://www.bilibili.com/video/BV14Z4y1g77b
56,BV1Wy4y1S7o8,【半小时哲学·辩证法】偶然与必然的关系,2020-12-06,68534,31:10,人文历史,,https://www.bilibili.com/video/BV1Wy4y1S7o8
57,BV1FV411h7mT,【半小时哲学】从“性善性恶”争论到人类意识的起源,2020-12-07,50362,27:46,社科·法律·心理,,https://www.bilibili.com/video/BV1FV411h7mT
58,BV16V41187b1,【二十分钟哲学】原来你高中学的是神学，不是真正的唯物主义！,2020-12-08,258523,23:54,人文历史,,https://www.bilibili.com/video/BV16V41187b1
59,BV1Wv411b76D,【十分钟哲学·入门】什么是宇宙论,2020-12-08,42393,11:50,人文历史,,https://www.bilibili.com/video/BV1Wv411b76D
60,BV1C54y147e5,【半小时哲学】哲学里的“主体”，其实是“奴隶”（论主人、主体和客体）,2020-12-10,67052,35:21,人文历史,,https://www.bilibili.com/video/BV1C54y147e5
61,BV1t64y1f7nd,【一小时哲学】红药丸？蓝药丸？我能想到第六层，你能想到第几层？哈哈,2020-12-11,49667,61:14,人文历史,,https://www.bilibili.com/video/BV1t64y1f7nd
62,BV1FA411s7RB,【三十分钟哲学·道家】《道德经》（郭店楚简本）第一讲,2020-12-13,86125,29:43,人文历史,,https://www.bilibili.com/video/BV1FA411s7RB
63,BV1W64y1f7DC,【三十分钟哲学·道家】《道德经》（郭店楚简本）第二讲,2020-12-13,29188,28:04,人文历史,,https://www.bilibili.com/video/BV1W64y1f7DC
64,BV1oD4y1X77Q,【三十分钟哲学·道家】《道德经》（郭店楚简本）第三讲,2020-12-13,34371,25:28,人文历史,,https://www.bilibili.com/video/BV1oD4y1X77Q
65,BV1sK4y1L7ae,【半小时哲学·爱欲经济学】拉康意义上的欲望是什么？,2020-12-13,223665,32:40,人文历史,,https://www.bilibili.com/video/BV1sK4y1L7ae
66,BV1Qy4y1m7EB,【一小时哲学·爱欲经济学】2、性化秩序与性别的产生,2020-12-16,197827,73:20,人文历史,,https://www.bilibili.com/video/BV1Qy4y1m7EB
67,BV1my4y1m7Fo,【唱歌讲哲学】男性的去性化=拒斥情欲的崇高化,2020-12-16,83275,03:00,人文历史,未明子歌集,https://www.bilibili.com/video/BV1my4y1m7Fo
68,BV1HA411s7Zk,【唱歌讲哲学】女性的去（超）性化=多重性认同的交叠,2020-12-16,55607,04:18,社科·法律·心理,未明子歌集,https://www.bilibili.com/video/BV1HA411s7Zk
69,BV1Vz4y1r7b2,【一小时哲学】“不”字的四种写法，你知道几种？（何为否定）,2020-12-20,82136,63:01,人文历史,,https://www.bilibili.com/video/BV1Vz4y1r7b2
70,BV1oT4y1M7ET,【二十分钟哲学·道家】庄子·逍遥游·上篇,2020-12-22,52037,17:17,人文历史,,https://www.bilibili.com/video/BV1oT4y1M7ET
71,BV1Uv41147dD,【半小时哲学·道家】庄子·逍遥游·下,2020-12-23,28607,32:06,人文历史,,https://www.bilibili.com/video/BV1Uv41147dD
72,BV1Gt4y1k7qr,【一小时哲学·道家】庄子·齐物论·上（费希特=南郭子綦VS黑格尔）,2020-12-23,54548,53:32,人文历史,,https://www.bilibili.com/video/BV1Gt4y1k7qr
73,BV1ja4y1p7Pv,【一刻钟哲学·政治哲学】四个class的划分，你属于哪一个？,2020-12-23,64813,15:05,人文历史,,https://www.bilibili.com/video/BV1ja4y1p7Pv
74,BV1Qy4y1i7WT,【一小时哲学】什么是小客体（petit-objet a）？,2020-12-25,75353,64:42,人文历史,,https://www.bilibili.com/video/BV1Qy4y1i7WT
75,BV1654y1t7mi,【半小时哲学·政治哲学】鉴左镜，一试就灵！鉴定/帮助/成为康米的第一步,2020-12-26,246902,32:41,人文历史,,https://www.bilibili.com/video/BV1654y1t7mi
76,BV1aX4y1T7q1,【三刻钟哲学】《存在与时间》为什么没有写完？因为海德格尔怂了,2020-12-29,125279,45:43,人文历史,,https://www.bilibili.com/video/BV1aX4y1T7q1
77,BV1xy4y1e7cC,【唱歌学哲学】刘小慧的《一世情缘》里有什么哲学道理,2020-12-29,20786,29:21,人文历史,未明子歌集,https://www.bilibili.com/video/BV1xy4y1e7cC
78,BV1Vi4y1w7Gs,【一小时哲学】康德的核心谬误与黑格尔的救赎——先验想象力vs知性分析力,2020-12-31,75598,77:45,人文历史,,https://www.bilibili.com/video/BV1Vi4y1w7Gs
79,BV1sv411x7u2,【DOTA里的哲学】康德的先验想象力vs黑格尔的知性分析力,2021-01-01,48875,22:45,电子竞技,,https://www.bilibili.com/video/BV1sv411x7u2
80,BV1EV411876z,【四十分钟哲学】何为倒错（perversion）——尤丽狄斯之死,2021-01-02,89141,38:53,人文历史,,https://www.bilibili.com/video/BV1EV411876z
81,BV1sr4y1T7ty,【一小时哲学】学哲学必过的康德之桥,2021-01-03,232962,54:56,人文历史,,https://www.bilibili.com/video/BV1sr4y1T7ty
82,BV1LA411H7z9,【一个半小时哲学】时间的诞生：什么是时间，时间从何而来，为什么有时间而非无时间,2021-01-03,121331,93:40,人文历史,,https://www.bilibili.com/video/BV1LA411H7z9
83,BV1e5411n7hb,【半小时哲学】为什么说“打工人”是一种意识形态,2021-01-05,85652,32:07,人文历史,,https://www.bilibili.com/video/BV1e5411n7hb
84,BV17o4y1f71c,【八十分钟哲学】普遍与特殊（辩证法、形而上学、辩证唯物主义、历史唯物主义、斯大林、马克思、康德、黑格尔、费希特、齐泽克、拉康、阿尔都塞、欲望、秩序、个人、社会）,2021-01-06,310226,79:28,人文历史,,https://www.bilibili.com/video/BV17o4y1f71c
85,BV1ip4y1s7PA,【一百分钟哲学】何为颜色（未明子的哲学：不是光波、光谱差异，而是颜色本身到底是什么！为什么会有不同的颜色！这是一个所有哲学家都未曾思考过的问题【除了我】）,2021-01-07,53889,102:25,社科·法律·心理,,https://www.bilibili.com/video/BV1ip4y1s7PA
86,BV1jV411t7Tb,【一小时哲学】人的灵魂在哪里？（大脑就是一个灵魂窃听器，被害妄想症患者：“原来不是别人在窃听我，而是我在窃听别人！唯物主义的主奴翻转，成了！”）,2021-01-09,49004,59:21,人文历史,,https://www.bilibili.com/video/BV1jV411t7Tb
87,BV1Nh411275f,【一刻钟哲学·游戏讲哲学】海德格尔的时间性——原来是OSU游戏,2021-01-10,38642,16:54,人文历史,,https://www.bilibili.com/video/BV1Nh411275f
88,BV1mo4y1d7pn,【一小时哲学】To Be or Not to Be a 海德格尔主义者？？If Not，How？,2021-01-10,42993,56:39,人文历史,,https://www.bilibili.com/video/BV1mo4y1d7pn
89,BV1TK4y1W7fY,【一小时哲学·爱欲经济学第三集】齐泽克：物在凝视主体；这是怎么一回事？（不要再说什么“当你凝视深渊，深渊也在凝视你”这种中二老梗了，一切都包含着凝视）,2021-01-10,127851,64:53,人文历史,,https://www.bilibili.com/video/BV1TK4y1W7fY
90,BV1xX4y1M7Vg,【八十分钟哲学】表象背后是什么？四种错误的答案对应四种错误的哲学；正确的答案，对应拉康和齐泽克心目中的英雄一去不复返的“穿越幻想”,2021-01-12,85465,83:31,人文历史,,https://www.bilibili.com/video/BV1xX4y1M7Vg
91,BV1Ra4y1n78V,【一刻钟哲学·入门】哲学四则运算：巧用加法，破除庸俗的唯物主义,2021-01-12,70948,12:46,人文历史,,https://www.bilibili.com/video/BV1Ra4y1n78V
92,BV1vv411x7qo,【一刻钟哲学·入门】哲学四则运算：善用减法，破除庸俗的虚无主义（附带唯意志主义、自由主义、后现代主义）,2021-01-12,52000,15:39,人文历史,,https://www.bilibili.com/video/BV1vv411x7qo
93,BV1Yr4y1T7ha,【一刻钟哲学·入门】哲学四则运算：勤用乘法，破除庸俗的唯心主义,2021-01-12,25435,13:42,人文历史,,https://www.bilibili.com/video/BV1Yr4y1T7ha
94,BV1Th41127GE,【一刻钟哲学·入门】哲学四则运算：敢用除法，破除庸俗的后现代主义？,2021-01-12,25358,13:59,人文历史,,https://www.bilibili.com/video/BV1Th41127GE
95,BV1vV411t7Kt,【唱歌讲哲学】刘小慧《加减乘除》——破除庸俗哲学的灵感来源,2021-01-13,26267,07:09,人文历史,未明子歌集,https://www.bilibili.com/video/BV1vV411t7Kt
96,BV1rK4y1W7Jm,【二十分钟哲学·入门】唯物、唯心的唯一差别,2021-01-14,233994,21:49,人文历史,,https://www.bilibili.com/video/BV1rK4y1W7Jm
97,BV1Uv4y1Z7Gz,【半小时哲学·精神分析】何为无意识（上）：无意识不是意识的背景,2021-01-15,90114,32:39,社科·法律·心理,,https://www.bilibili.com/video/BV1Uv4y1Z7Gz
98,BV1Wh411y7Yr,【一刻钟哲学·精神分析】何为无意识（中）：无意识不是原始混乱的力量,2021-01-15,42374,13:42,社科·法律·心理,,https://www.bilibili.com/video/BV1Wh411y7Yr
99,BV1Uh41127GU,【半小时哲学·精神分析】何为无意识（下）：无意识不是绝望的回溯性救赎,2021-01-15,43192,34:52,社科·法律·心理,,https://www.bilibili.com/video/BV1Uh41127GU
100,BV1GK411u7qG,【半小时哲学·辩证法】辩证法的一则核心要义：绝对精神【不是】什么？,2021-01-16,102524,33:03,人文历史,,https://www.bilibili.com/video/BV1GK411u7qG
101,BV1tX4y1K7qw,【三十分钟哲学】两种普遍性支配下的人生三段论：原生家庭——原子化个体——原来这就是人生,2021-01-17,75628,35:31,社科·法律·心理,,https://www.bilibili.com/video/BV1tX4y1K7qw
102,BV1t54y1s7am,【二十分钟哲学·精神分析】如何做到“无欲无求”,2021-01-18,92796,21:59,人文历史,,https://www.bilibili.com/video/BV1t54y1s7am
103,BV1hv411W7TJ,【四十分钟哲学】我们为什么会服从（从一只倒霉的猴子谈起、应试教育的意义、如何成为主人）？,2021-01-18,108525,41:47,人文历史,,https://www.bilibili.com/video/BV1hv411W7TJ
104,BV1Wt4y1z7C8,【一百分钟哲学】所谓的中国思想、中国哲学、中国传统智慧,2021-01-19,203026,97:40,人文历史,,https://www.bilibili.com/video/BV1Wt4y1z7C8
105,BV1d5411n73B,【一小时哲学】舍身取义与精致利己,2021-01-19,55694,55:59,人文历史,,https://www.bilibili.com/video/BV1d5411n73B
106,BV1vh41127dg,【一小时哲学】人类社会的终极形态是什么？,2021-01-19,125218,52:56,人文历史,,https://www.bilibili.com/video/BV1vh41127dg
107,BV1Kz4y1S7ob,【两集哲学】物质与信息的关系（1、齐泽克所理解的物质是什么，2、现代科学和精神分析两种语境下的物质与信息的关系）,2021-01-19,34308,72:40,人文历史,,https://www.bilibili.com/video/BV1Kz4y1S7ob
108,BV1vt4y1z7kj,【二十五分钟哲学】钟没有敲响时，为什么震天撼地，敲响时，为什么寂然无声？（寺院里钟鼓瓮钵之四元，属实无聊）,2021-01-20,28618,23:48,人文历史,,https://www.bilibili.com/video/BV1vt4y1z7kj
109,BV1Tt4y167iN,【写词唱歌】秋风,2021-01-21,79669,04:47,翻唱,未明子歌集,https://www.bilibili.com/video/BV1Tt4y167iN
110,BV18z4y1S7Ky,【七十分钟哲学】佛是万能的吗？,2021-01-21,170366,69:46,人文历史,,https://www.bilibili.com/video/BV18z4y1S7Ky
111,BV1Ao4y1Z7EA,【哲学问答】答水友十三问（2021.1.21直播录像）,2021-01-22,69626,160:17,人文历史,,https://www.bilibili.com/video/BV1Ao4y1Z7EA
112,BV1ZA411H7oy,【三节哲学课】终极形而上学：柏拉图一生最伟大的失败,2021-01-23,80342,114:19,人文历史,,https://www.bilibili.com/video/BV1ZA411H7oy
113,BV1JT4y1K7dp,【主义主义】哲学意识形态大全-总纲,2021-01-24,720466,60:28,人文历史,,https://www.bilibili.com/video/BV1JT4y1K7dp
114,BV1hf4y1k7sX,【主义主义】无声版：神创论（1-2-1）,2021-01-25,123999,15:23,人文历史,,https://www.bilibili.com/video/BV1hf4y1k7sX
115,BV1HA411p7N5,【二十分钟哲学·政治哲学】为什么丘吉尔在说谎？为什么西式民主是虚伪的？,2021-01-25,71604,18:03,人文历史,,https://www.bilibili.com/video/BV1HA411p7N5
116,BV1y5411E7XB,【半小时哲学】为什么多元主义是虚伪的（巴迪欧VS德里达，历史主义VS历史性，事件VS伪事件）,2021-01-25,45886,30:22,人文历史,,https://www.bilibili.com/video/BV1y5411E7XB
117,BV1eK4y1H7dX,【半小时哲学·政治哲学】平均主义的福利制为什么是虚伪的！,2021-01-25,48041,28:32,人文历史,,https://www.bilibili.com/video/BV1eK4y1H7dX
118,BV1Qr4y1N7qx,【主义主义】伪唯心主义（1-3-1）——笛卡尔：“Cogito ergo sum…”中二：“Ego sum te peto et uidere queo！”,2021-01-26,133725,32:50,人文历史,,https://www.bilibili.com/video/BV1Qr4y1N7qx
119,BV1bo4y1R796,【主义主义】“客观唯心主义”（1-3-1-1）：文化贵族们的祖传饭碗，扣在柏拉图、谢林头上的前现代臭痰盂,2021-01-27,96388,38:07,人文历史,,https://www.bilibili.com/video/BV1bo4y1R796
120,BV1CN411d7dd,【主义主义】“主观唯心主义”（1-3-1-2）——成为“圣人”的最廉价方式，不少聪明人无妨抵挡的诱惑,2021-01-27,110090,67:33,人文历史,,https://www.bilibili.com/video/BV1CN411d7dd
121,BV1wz4y1D7Sv,【主义主义】（1-3-1-3）现实唯心主义——面对“心不齐”的拧绳哲学,2021-01-29,57265,59:58,人文历史,,https://www.bilibili.com/video/BV1wz4y1D7Sv
122,BV1yU4y1s7Zv,【原曲翻唱】琴姬,2021-01-29,31236,05:27,翻唱,未明子歌集,https://www.bilibili.com/video/BV1yU4y1s7Zv
123,BV17N411o7jF,【原曲翻唱】逍遥,2021-01-29,43825,05:36,翻唱,未明子歌集,https://www.bilibili.com/video/BV17N411o7jF
124,BV1Dz4y1m7Kb,【主义主义】唯梦论（1-3-1-4）——人生如梦，一樽还酹江月的哲学；兼论梦在主体性与主体间性上的核心特征,2021-01-30,62363,50:52,社科·法律·心理,,https://www.bilibili.com/video/BV1Dz4y1m7Kb
125,BV1cV411B79w,【主义主义】本真主义（1-3-2）——小布尔乔亚文青病的基本结构,2021-01-31,212067,40:53,人文历史,,https://www.bilibili.com/video/BV1cV411B79w
126,BV1Br4y1K7qB,【主义主义】现代斯多亚主义（1-3-2-1）——文化多元主义所炮制的古典学致幻剂,2021-01-31,61149,55:28,人文历史,,https://www.bilibili.com/video/BV1Br4y1K7qB
127,BV12U4y1s7qw,【主义主义】现代犬儒主义（1-3-2-2）——工薪阶层最容易陷入的意识形态陷阱,2021-02-02,526903,62:58,人文历史,,https://www.bilibili.com/video/BV12U4y1s7qw
128,BV1Nh411177x,【主义主义】现代爱情背后的哲学（现代新柏拉图主义，1-3-2-3）——我们这个时代的罗曼斯崇拜,2021-02-03,128126,42:40,社科·法律·心理,,https://www.bilibili.com/video/BV1Nh411177x
129,BV1No4y1971k,【主义主义】现代智者学派（1-3-2-4）——民哲：“为什么我能读懂一切哲学？因为我是真理的化身！”,2021-02-04,58874,40:46,人文历史,,https://www.bilibili.com/video/BV1No4y1971k
130,BV1VA411g79V,【五十分钟哲学】论意识形态的构成（意识形态=霸权=真理-事件，齐泽克vs拉克劳vs巴迪欧）,2021-02-04,163111,52:40,人文历史,,https://www.bilibili.com/video/BV1VA411g79V
131,BV1uy4y1H73f,【主义主义】唯意志主义（1-3-3）——理解奋斗B，批判奋斗B，解放奋斗B,2021-02-05,58585,49:37,人文历史,,https://www.bilibili.com/video/BV1uy4y1H73f
132,BV1Wr4y1P7Lo,【七十分钟哲学】辩证法的至高法要：“本体是表象之表象”,2021-02-05,242087,66:51,人文历史,,https://www.bilibili.com/video/BV1Wr4y1P7Lo
133,BV16y4y1n7Yz,【主义主义】自我中心主义（1-3-3-1）：把人生当成修仙游戏，念叨“人不为己天诛地灭”，却被“我”这个字玩弄一辈子，,2021-02-06,101844,60:52,人文历史,,https://www.bilibili.com/video/BV16y4y1n7Yz
134,BV15V411i7qQ,【主义主义】道德严酷主义（1-3-3-2）——内在糜烂的道学先生，大他者的享乐工具，扣在康德头上的臭痰盂,2021-02-07,61187,47:11,社科·法律·心理,,https://www.bilibili.com/video/BV15V411i7qQ
135,BV1rX4y1N7Wh,【二十分钟哲学】如何克服相对主义（理论恋SHI收集癖，the Collecting Necrophilia of Theories），自我陶醉的拼盘艺术家,2021-02-07,77246,20:53,人文历史,,https://www.bilibili.com/video/BV1rX4y1N7Wh
136,BV1gt4y1z7sg,【主义主义】排他的“集体主义”（1-3-3-3）：冒充集体主义的自私，看似理性冷静的疯狂，自视宽容仁慈的邪恶,2021-02-08,94501,53:54,人文历史,,https://www.bilibili.com/video/BV1gt4y1z7sg
137,BV15z4y1U7Z1,【半小时哲学】如何理解“人的本质是社会关系的总和”，两种错误理解（一个庸俗一个虚伪）,2021-02-08,277134,33:23,人文历史,,https://www.bilibili.com/video/BV15z4y1U7Z1
138,BV1vh411C7hx,【主义主义】厌女症-虚无主义（1-3-3-4）：叔本华的唯意志主义，酸臭文人的最后归宿，康德黑格尔笑掉大牙：“凭你也配谈哲学？”,2021-02-08,296195,52:09,人文历史,,https://www.bilibili.com/video/BV1vh411C7hx
139,BV14K4y1n7o7,【主义主义】直觉主义、体验主义、意识流（1-3-4）——浪子、浪女和后浪们的【浪之哲学】我有故事你有酒吗，柏格森忽悠法国少妇的版本答案，《论意识流的泥石流性》,2021-02-09,79698,68:03,社科·法律·心理,,https://www.bilibili.com/video/BV14K4y1n7o7
140,BV1TX4y157ry,【十分钟哲学】四种表象（讲解齐泽克《Ticklish Subject》第197-198页的一段，截取自【主义主义】的1-3-4）,2021-02-09,21209,12:57,人文历史,,https://www.bilibili.com/video/BV1TX4y157ry
141,BV1ci4y1T7AX,【主义主义】伦理行动主义（1-3-4-1）：乡村教师的“真善美”“耕耘内在心灵”的哲学，冲泡无数语文作文的浓汤宝，倭铿《人生的意义与价值》的无意义和无价值,2021-02-11,61920,54:04,社科·法律·心理,,https://www.bilibili.com/video/BV1ci4y1T7AX
142,BV1Kt4y1z7WU,【主义主义·纯娱乐番外】爱情大全（祝大家牛年大吉！）,2021-02-11,142311,91:06,社科·法律·心理,,https://www.bilibili.com/video/BV1Kt4y1z7WU
143,BV1oN411R78y,【主义主义】随笔主义（1-3-4-2）—— 写日记的矜持少女，易于陷入的意识形态，穆齐尔《没有个性的人》，一个现象学时间性分析,2021-02-13,93871,60:32,人文历史,,https://www.bilibili.com/video/BV1oN411R78y
144,BV1ih411r7C9,【10分钟哲学】美的辩证法（美-丑-诡异）,2021-02-14,174393,11:45,人文历史,,https://www.bilibili.com/video/BV1ih411r7C9
145,BV1BK4y1Q7Na,【五分钟哲学】克尔凯廓尔的审美-伦理-宗教三阶段论,2021-02-14,22925,04:17,人文历史,,https://www.bilibili.com/video/BV1BK4y1Q7Na
146,BV1dA411T7xD,【主义主义】唯美主义（1-3-4-3）【爱欲经济学第四讲】美色的终极奥秘,2021-02-14,320435,102:03,人文历史,,https://www.bilibili.com/video/BV1dA411T7xD
147,BV1tK4y1Q7rp,【主义主义】颓废主义（1-3-4-4）——“事后圣如佛”是怎么一回事？享乐和审美过度充盈之后产生的倒错,2021-02-15,118945,48:11,社科·法律·心理,,https://www.bilibili.com/video/BV1tK4y1Q7rp
148,BV1dy4y1E75F,【歌】翠萝寒,2021-02-15,32607,03:37,翻唱,未明子歌集,https://www.bilibili.com/video/BV1dy4y1E75F
149,BV1vK4y1n7cy,【主义主义】平庸主义（1-4）——你为什么怎么也学不进哲学？前反思者中的拒绝反思者，你为什么如此平庸？,2021-02-15,201536,21:11,人文历史,,https://www.bilibili.com/video/BV1vK4y1n7cy
150,BV1qv4y1Z7rr,【主义主义】当代自然主义（1-4-1）：“反正科学可以解释一切，就干脆放弃思考吧”，为什么分析哲学【总体上】不是哲学，而是学术体系下的帮佣,2021-02-17,53719,57:58,人文历史,,https://www.bilibili.com/video/BV1qv4y1Z7rr
151,BV1iv411a7Gi,【主义主义】和平主义（1-4-1-1）——拒斥一切暴力，所谓《无本体论的伦理学》,2021-02-18,43581,23:46,人文历史,,https://www.bilibili.com/video/BV1iv411a7Gi
152,BV1JX4y1577c,【主义主义】客观主义（1-4-1-2）——最赤裸裸的精英主义，从母国叛逃，连康德都弄不明白的骗子哲学家安·兰德，无良出版商的摇钱树,2021-02-18,81650,27:13,社科·法律·心理,,https://www.bilibili.com/video/BV1JX4y1577c
153,BV1gi4y1T7yg,【主义主义】复习课：十六种庸俗的唯我论,2021-02-19,44294,37:29,人文历史,,https://www.bilibili.com/video/BV1gi4y1T7yg
154,BV1ii4y1T7Hc,【主义主义】沉默主义（1-4-1-3）——我们为什么会沉默？ 相互误解的两种沉默,2021-02-20,48044,45:26,人文历史,,https://www.bilibili.com/video/BV1ii4y1T7Hc
155,BV18K4y1S7RY,【十分钟哲学】一切“中心”都是视差之见,2021-02-20,60033,09:20,人文历史,,https://www.bilibili.com/video/BV18K4y1S7RY
156,BV1wv411Y7Te,【主义主义】蒙昧主义（1-4-1-4）——大知识分子们刻意生产的愚蠢，深藏不露的大师们的压箱底哲学，列奥·斯特劳斯向麦卡锡交的投名状,2021-02-20,46709,31:58,人文历史,,https://www.bilibili.com/video/BV1wv411Y7Te
157,BV1Wb4y1R7Xt,【主义主义】世俗人道主义（1-4-2）——人类自己拯救自己，反对自然主义的等级制，追求人类大同平等的大众哲学，但又不可避免陷入二元对立,2021-02-21,38309,36:30,人文历史,,https://www.bilibili.com/video/BV1Wb4y1R7Xt
158,BV1ZK4y1Q7ge,【四十分钟哲学】如何进行真正的哲学反思，如何破除庸俗的人文主义,2021-02-21,99541,40:23,人文历史,,https://www.bilibili.com/video/BV1ZK4y1Q7ge
159,BV1Ap4y1H7MA,【答水友问】VOL1除了当下，一切都是虚无吗？——庸俗的哲学思考一定会有庸俗的主体性、时间性结构,2021-02-22,49099,73:49,人文历史,,https://www.bilibili.com/video/BV1Ap4y1H7MA
160,BV1wh411k7PG,【两个半小时哲学】五种时间性——开启哲学之门的钥匙,2021-02-22,139180,138:55,人文历史,,https://www.bilibili.com/video/BV1wh411k7PG
161,BV1zp4y1n7Nv,【主义主义】纵容主义（1-4-2-1）——西欧发达国家的主流意识形态，白左的精神家园：“废除死刑”背后的意识形态阴谋,2021-02-22,55171,40:05,人文历史,,https://www.bilibili.com/video/BV1zp4y1n7Nv
162,BV1Mp4y1W7Fa,【主义主义】多元文化主义（1-4-2-2）——魔鬼的圣典，当代全球资本的原教旨主义意识形态,2021-02-23,64284,54:42,财经商业,,https://www.bilibili.com/video/BV1Mp4y1W7Fa
163,BV1eA411M7qe,【主义主义】环保主义（1-4-2-3）——环保主义就是人类中心主义，属于少数人的“人类”观，属于大工业的“自然”观,2021-02-24,48782,61:42,人文历史,,https://www.bilibili.com/video/BV1eA411M7qe
164,BV1mh411r7ZR,【五十分钟哲学】哲学的符号学基础：他者、大他者、小他者，是什么，彼此的关系是什么,2021-02-25,258323,53:20,社科·法律·心理,,https://www.bilibili.com/video/BV1mh411r7ZR
165,BV1AK4y1H7uq,【一小时哲学】哲学的符号学基础2：沉默和凝视的基本机制,2021-02-25,80724,60:19,社科·法律·心理,,https://www.bilibili.com/video/BV1AK4y1H7uq
166,BV1Lh411k7M4,【爱欲经济学】5、性倒错的种类和机制【主义主义】1-4-2-4 性解放主义：人道主义必然走向的虚无主义,2021-02-25,197549,139:50,人文历史,,https://www.bilibili.com/video/BV1Lh411k7M4
167,BV1T5411K7Q6,【半小时哲学】为什么精神分析不是一种心理学,2021-02-26,218857,29:11,社科·法律·心理,,https://www.bilibili.com/video/BV1T5411K7Q6
168,BV1zh411k7xi,【主义主义】心理主义（1-4-3）——知识分子们成功地让大众们以为掌握了心理学，就掌握了自己的人生,2021-02-26,57956,51:45,社科·法律·心理,,https://www.bilibili.com/video/BV1zh411k7xi
169,BV1dU4y1H7xu,【主义主义】情绪主义（1-4-3-1）——“情商”、“情绪管理”、“做人嘛开心最重要”背后的意识形态,2021-02-27,103965,66:08,社科·法律·心理,,https://www.bilibili.com/video/BV1dU4y1H7xu
170,BV1EK4y1D7q6,【一刻钟哲学】“等待戈多”注定失败，渴望被拯救的歇斯底里，是一种肤浅的倒错,2021-02-28,62257,14:02,人文历史,,https://www.bilibili.com/video/BV1EK4y1D7q6
171,BV1vV411v7wR,【主义主义】心理正常主义（1-4-3-2）——自以为“正常”，面对“反常”脱口而出“精神B”“神经B”“脑子有WT”的人所陷入的庸俗意识形态,2021-02-28,60951,60:45,社科·法律·心理,,https://www.bilibili.com/video/BV1vV411v7wR
172,BV14N41197XD,【一小时哲学·政治哲学】左翼升级指南（康德VS黑格尔，巴迪欧&朗西埃&巴里巴VS齐泽克）,2021-03-01,126364,69:49,人文历史,,https://www.bilibili.com/video/BV14N41197XD
173,BV1jf4y147hE,【主义主义】泛性主义（1-4-3-3）——大众对于精神分析的普遍误解,2021-03-01,47881,43:15,人文历史,,https://www.bilibili.com/video/BV1jf4y147hE
174,BV1PZ4y1P7MM,【半小时哲学】“一切都和性有关，而性和权力有关”除此以外呢？,2021-03-01,81921,30:54,人文历史,,https://www.bilibili.com/video/BV1PZ4y1P7MM
175,BV1ey4y177MJ,【歌】秋之来去,2021-03-02,44412,04:40,翻唱,未明子歌集,https://www.bilibili.com/video/BV1ey4y177MJ
176,BV1Tp4y1H7kc,【主义主义】密契女性主义（1-4-3-4）——真正的女性主义者应当首先批判的假“女性主义”：作为男权幻想和爱欲/审美压迫工具的神秘的“女性本质”,2021-03-02,68910,34:10,社科·法律·心理,,https://www.bilibili.com/video/BV1Tp4y1H7kc
177,BV1BA411K71M,【主义主义】庸俗主义（1-4-4）——人为什么会变得庸俗？变得比平庸更平庸。家里有娃的必看。,2021-03-03,85560,47:51,人文历史,,https://www.bilibili.com/video/BV1BA411K71M
178,BV1P54y1a7DR,【主义主义】顺从主义（1-4-4-1）——“小人”的哲学，随大流、随波逐流、占小便宜、沾沾自喜、“人家都这样”背后的隐秘机制,2021-03-04,62242,36:10,社科·法律·心理,,https://www.bilibili.com/video/BV1P54y1a7DR
179,BV1mZ4y1A74v,【直播录像】齐泽克《敏感的主体》录播回放,2021-03-05,51322,578:21,人文历史,,https://www.bilibili.com/video/BV1mZ4y1A74v
180,BV1ey4y1a7ps,【主义主义】粗俗主义（1-4-4-2）——爱说脏话的色鬼和赌狗的意识形态，及其产生的原因,2021-03-05,180037,61:23,社科·法律·心理,,https://www.bilibili.com/video/BV1ey4y1a7ps
181,BV1K5411K7Sz,【三刻钟哲学】如何让孩子聪明、不粗俗（为什么维多利亚时代的西欧迸发出如此庞大的创造力）,2021-03-05,99777,45:57,人文历史,,https://www.bilibili.com/video/BV1K5411K7Sz
182,BV1aX4y1V7nF,【主义主义】四重竞争主义（Fourfold Agonism）——赢！胜利！牛逼！厉害！666！“争强好胜”的四种形式：胜利主义、躺赢主义、完胜主义与对抗,2021-03-06,55766,52:26,人文历史,,https://www.bilibili.com/video/BV1aX4y1V7nF
183,BV1jA411T78B,【一刻钟哲学】为什么消费主义的本质是节俭,2021-03-07,165679,16:44,人文历史,,https://www.bilibili.com/video/BV1jA411T78B
184,BV1tz4y1177m,【主义主义】形而下学的终点，形而上学的入口；复仇主义（1-4-4-4）——最神圣的庸俗，最沉重的肤浅,2021-03-07,96002,63:23,人文历史,,https://www.bilibili.com/video/BV1tz4y1177m
185,BV1vv411h7kx,【主义主义】复习课2：平凡主义（1-4）四大类十六种普通人所陷入意识形态,2021-03-07,38885,41:16,人文历史,,https://www.bilibili.com/video/BV1vv411h7kx
186,BV1cy4y1E77f,【主义主义】哲学的二阶论域：进入形而上学的准备工作（四种形而上学的由来）,2021-03-08,73052,27:14,人文历史,,https://www.bilibili.com/video/BV1cy4y1E77f
187,BV12N41197kL,【哲学的二阶论域】哲学是如何研究“空间性”（spatiality）的？早期海德格尔与梅洛-庞蒂的不同路径,2021-03-08,41557,27:50,人文历史,,https://www.bilibili.com/video/BV12N41197kL
188,BV19A411K7qX,【主义主义】形而上学（2）——古代贵族的精神冒险，背景性的符号秩序与它自己的对立，比下（形而下学）有余，比上（观念论）不足,2021-03-09,84139,41:56,人文历史,,https://www.bilibili.com/video/BV19A411K7qX
189,BV19v411h7VP,【主义主义】在场形而上学（2-1）——宰制西方精神数千年的形而上学范式,2021-03-09,108233,44:37,人文历史,,https://www.bilibili.com/video/BV19v411h7VP
190,BV1pb4y197ew,【半小时哲学】符号学大战：德里达VS拉康，解构主义VS精神分析,2021-03-09,76645,29:14,人文历史,,https://www.bilibili.com/video/BV1pb4y197ew
191,BV13b4y197gc,【主义主义】普遍主义（2-1-1）——泰勒斯真正的宝藏，哲学、科学、数学、逻辑学的共同本源,2021-03-10,73354,41:02,人文历史,,https://www.bilibili.com/video/BV13b4y197gc
192,BV15Z4y1w73r,【二十分钟哲学】对于后现代哥特朋克的轻微“自残”（耳钉、唇钉、鼻环、刺青）的哲学反思,2021-03-10,128996,23:09,人文历史,,https://www.bilibili.com/video/BV15Z4y1w73r
193,BV17h411Q7kQ,【主义主义】阿派朗（无界限）主义（2-1-1-1）——哲学针对“地水火风”元素论的正面挑战,2021-03-11,43134,29:16,人文历史,,https://www.bilibili.com/video/BV17h411Q7kQ
194,BV1hX4y1V7g3,【半小时哲学】哲学的宏伟序章：人类第一、第二、第三位哲学家 VS 土、水、火、风之四大种；最初的遭遇战,2021-03-11,59020,29:00,人文历史,,https://www.bilibili.com/video/BV1hX4y1V7g3
195,BV1Mp4y1h735,【主义主义】气动一元论（2-1-1-2）——阿那克西美尼的哲学制毡术，气象万千之中隐藏的秘密,2021-03-12,39154,39:56,人文历史,,https://www.bilibili.com/video/BV1Mp4y1h735
196,BV1vK4y1D7bo,【一小时哲学】拉康的伦理学（“不要在欲望上让步”“如何穿越幻想？”“本真的行动是什么？”“在两种死亡之间”“在两种死亡驱力之间”“永远要避免倒错！”）,2021-03-13,279982,57:45,人文历史,,https://www.bilibili.com/video/BV1vK4y1D7bo
197,BV1jN411Q7P1,【主义主义】分形多元论（2-1-1-3）——千古之谜：何为努斯？客观精神如何实体化？阿那克萨戈拉的分形几何与连续统思想,2021-03-13,50263,52:21,人文历史,,https://www.bilibili.com/video/BV1jN411Q7P1
198,BV1vZ4y1w7yQ,【主义主义】形而上辩证主义（2-1-1-4）——赫拉克利特因何哭泣？火焰与灰烬的哲学，辩证法的开端,2021-03-14,52011,57:48,人文历史,,https://www.bilibili.com/video/BV1vZ4y1w7yQ
199,BV1nb4y1Q7Y5,【三刻钟哲学】形而上学VS辩证法（第一回合）：赫拉克利特VS巴门尼德；在弄清楚胜负之前，先弄清楚“到底哪边是哪个？”,2021-03-15,48196,45:13,人文历史,,https://www.bilibili.com/video/BV1nb4y1Q7Y5
200,BV1ty4y1E76u,【主义主义】本质主义（2-1-2）——存在、虚无、无限、万物，太一与命运赐予它的锁链：巴门尼德的真理之路,2021-03-16,61632,51:50,人文历史,,https://www.bilibili.com/video/BV1ty4y1E76u
201,BV1Hf4y1t7E8,【主义主义】伦理智性主义（2-1-2-1）——苏格拉底的哲学，“知识助产术”、“知识即美德”、“爱欲是唯一的知识”、“哲学就是练习面对死亡”,2021-03-16,49344,48:19,人文历史,,https://www.bilibili.com/video/BV1Hf4y1t7E8
202,BV1nb4y1Q77P,【三刻钟哲学】哲学的万能心法：巴门尼德“思维与存在是一回事”，一句话启发各派宗师：笛卡尔、康德、黑格尔、胡塞尔、海德格尔,2021-03-17,80860,45:10,人文历史,,https://www.bilibili.com/video/BV1nb4y1Q77P
203,BV1Jf4y1t7PA,【主义主义】理念实在论/理想现实主义（2-1-2-2）——柏拉图：追求完美的形而上学，注定残酷的政治理想,2021-03-17,53029,52:55,人文历史,,https://www.bilibili.com/video/BV1Jf4y1t7PA
204,BV1HA411N7fe,【主义主义】范畴实在论/绝对现实主义（2-1-2-3）——亚里士多德的把戏，老学究的帝师哲学，奴隶主的自我陶醉,2021-03-18,47649,63:40,人文历史,,https://www.bilibili.com/video/BV1HA411N7fe
205,BV1Eb4y1Q7tG,【十分钟哲学】芝诺悖论所对应的四种（或五种）时间观（结合【主义主义】2-1-2-4理解）,2021-03-19,29722,08:58,人文历史,,https://www.bilibili.com/video/BV1Eb4y1Q7tG
206,BV1gh411X72y,【主义主义】多产的不动论（2-1-2-4）——如何理解四个芝诺悖论,2021-03-19,49609,98:56,人文历史,,https://www.bilibili.com/video/BV1gh411X72y
207,BV1Cb4y197EZ,【主义主义】合理主义（2-1-3）——毕达哥拉斯的伟大，不止是“万物皆数”，而是人类理智史上的奇迹,2021-03-20,48098,57:39,人文历史,,https://www.bilibili.com/video/BV1Cb4y197EZ
208,BV1Gh411X7bK,【主义主义】反应多元论（2-1-3-1）——要有多蠢，才会把恩培多克勒理解为四元素说,2021-03-22,30753,70:04,人文历史,,https://www.bilibili.com/video/BV1Gh411X7bK
209,BV1zy4y147Q2,【主义主义】贫乏的原子论（2-1-3-2）——太一分形，虚空降世，德谟克利特的笑与瞎,2021-03-22,30919,54:34,人文历史,,https://www.bilibili.com/video/BV1zy4y147Q2
210,BV1Qp4y1h7dR,【二十分钟哲学】太一与万物的起源：真假唯物主义的判断标准,2021-03-23,40320,20:57,人文历史,,https://www.bilibili.com/video/BV1Qp4y1h7dR
211,BV1jZ4y1A7yC,【主义主义】智性享乐主义（2-1-3-3）——伊壁鸠鲁的哲学：降服欲望、坦然面对死亡,2021-03-23,53842,41:20,人文历史,,https://www.bilibili.com/video/BV1jZ4y1A7yC
212,BV1gK4y1S7aZ,【主义主义】犬儒主义（2-1-3-4）——真正的犬儒主义=极致的理性主义。安提斯泰尼与第欧根尼，苏格拉底的另类师徒孙,2021-03-24,65728,43:15,人文历史,,https://www.bilibili.com/video/BV1gK4y1S7aZ
213,BV1M5411N7Yr,【反思死亡（二）】瞬间进入尼采的永恒轮回，瞬间破解宿命论与决定论！,2021-03-25,83252,21:09,人文历史,,https://www.bilibili.com/video/BV1M5411N7Yr
214,BV1ri4y1P77j,【反思死亡（一）】“方生方死、方死方生”——用拉康与黑格尔来解读生与死的关系,2021-03-25,76418,39:04,人文历史,,https://www.bilibili.com/video/BV1ri4y1P77j
215,BV1qi4y1P7Pt,【主义主义】绝对主义（2-1-4）——普罗泰格拉：“人是万物的尺度”，为什么是绝对主义，而不是相对主义？,2021-03-25,34934,27:47,人文历史,,https://www.bilibili.com/video/BV1qi4y1P7Pt
216,BV1ty4y1h7w9,【主义主义】相对主义（2-1-4-1）——学会高尔吉亚的修辞学与辩护术，所有的辩论赛不过是游戏,2021-03-26,49995,50:42,人文历史,,https://www.bilibili.com/video/BV1ty4y1h7w9
217,BV1164y1U7cR,【一小时哲学】古今哲学大战：巴门尼德VS高尔吉亚VS斯大林,2021-03-26,38900,54:21,人文历史,,https://www.bilibili.com/video/BV1164y1U7cR
218,BV11K4y127B3,【主义主义】怀疑主义（2-1-4-2）——皮浪的哲学，智力英雄必备技能：探求“不动心”的平衡游戏；君主、辅臣、将领、幕僚的必修课,2021-03-28,48014,49:05,人文历史,,https://www.bilibili.com/video/BV11K4y127B3
219,BV1ZB4y1A7aC,【主义主义】记忆主义（2-1-4-3）——记忆术+雄辩术；希庇亚的哲学：捕捉、保存、创造无限,2021-03-29,35887,63:56,人文历史,,https://www.bilibili.com/video/BV1ZB4y1A7aC
220,BV1ZX4y137kR,【主义主义】话语主义（2-1-4-4）——在场形而上学的终结，对真理的解构性把握，最早的精神分析师：安提丰,2021-03-30,78757,46:37,人文历史,,https://www.bilibili.com/video/BV1ZX4y137kR
221,BV1Sh411S7Kk,【答水友问】尤其应该努力学习积极应试,2021-03-30,152737,69:39,社科·法律·心理,,https://www.bilibili.com/video/BV1Sh411S7Kk
222,BV1YB4y1P7MN,【五十分钟哲学】哲学的二阶论域（2）：时间性,2021-03-31,38670,48:11,人文历史,,https://www.bilibili.com/video/BV1YB4y1P7MN
223,BV1wU4y1Y7kJ,【主义主义】辩证形而上学（2-2）——把握时间、把握虚无、把握否定性的存在,2021-03-31,40773,25:12,人文历史,,https://www.bilibili.com/video/BV1wU4y1Y7kJ
224,BV1TK4y1m7BH,【主义主义】无限主义（2-2-1）——唯有时间无限，大雄与释迦的觉醒中包含的全新形而上学,2021-04-01,52055,59:08,人文历史,,https://www.bilibili.com/video/BV1TK4y1m7BH
225,BV1Mp4y187Ym,【主义主义】分子业力学（2-2-1-1）——耆那教和原始佛教关于业力、意识、轮回与解脱的纵向形而上学；看完不用吃罗汉果,2021-04-01,57781,54:35,人文历史,,https://www.bilibili.com/video/BV1Mp4y187Ym
226,BV175411A7Dw,【一刻钟哲学】为什么佛教哲学归根结底是一次一开始就注定失败的现象学直观,2021-04-02,157692,18:56,人文历史,,https://www.bilibili.com/video/BV175411A7Dw
227,BV1kU4y187RS,【主义主义】永恒时态主义（2-2-1-2）——时间相位转移的形而上学：小乘有宗“说一切有部”,2021-04-03,37331,66:02,人文历史,,https://www.bilibili.com/video/BV1kU4y187RS
228,BV1QK4y1N7WN,【九十分钟哲学】乔达摩·悉达多哲学的破解之道,2021-04-04,74963,87:33,人文历史,,https://www.bilibili.com/video/BV1QK4y1N7WN
229,BV1Z5411w7wu,【主义主义】经量部的种子形而上学（2-2-1-3）——乔达摩·悉达多哲学的饮鸩止渴,2021-04-04,42500,95:39,人文历史,,https://www.bilibili.com/video/BV1Z5411w7wu
230,BV1mZ4y1F7hG,【主义主义】摩尔唯心主义（2-2-1-4）——唯识论的回光返照，阿赖耶的千古悲歌,2021-04-05,51650,94:05,人文历史,,https://www.bilibili.com/video/BV1mZ4y1F7hG
231,BV1Ei4y1N712,【主义主义番外篇】佛教哲学与道家哲学的根本差别（从2-2-1到2-2-2）：为什么佛教哲学是一种在场形而上学残余,2021-04-05,94991,37:33,人文历史,,https://www.bilibili.com/video/BV1Ei4y1N712
232,BV19v41187KL,【主义主义】否定主义（2-2-2）——道家哲学的至高法要：太一生水,2021-04-06,97114,78:48,人文历史,,https://www.bilibili.com/video/BV19v41187KL
233,BV1d64y1U7rz,【主义主义】无为主义（2-2-2-1）——老子的哲学,2021-04-06,77371,51:29,人文历史,,https://www.bilibili.com/video/BV1d64y1U7rz
234,BV17Z4y1c7yZ,【一小时哲学】道家的至高心法：太一、道、天地、神明,2021-04-07,37297,58:42,人文历史,,https://www.bilibili.com/video/BV17Z4y1c7yZ
235,BV1Nv411h7k1,【二十分钟哲学】解脱的四条道路——庸俗信仰、庸俗神秘主义、大乘菩提萨陀、道家真人,2021-04-08,66529,21:35,人文历史,,https://www.bilibili.com/video/BV1Nv411h7k1
236,BV1gK4y1m7vV,【主义主义】积极的神秘主义（2-2-2-2）——庄子的哲学,2021-04-08,68836,16:49,人文历史,,https://www.bilibili.com/video/BV1gK4y1m7vV
237,BV1Jp4y187uf,【二十分钟哲学】庄子哲学的至高心法：坐忘；如何理解濠梁之辩,2021-04-08,73432,40:02,人文历史,,https://www.bilibili.com/video/BV1Jp4y187uf
238,BV1b54y1b7zX,【一小时哲学】大宗师：如何成为真人、圣人、神人、至人,2021-04-08,59798,63:46,人文历史,,https://www.bilibili.com/video/BV1b54y1b7zX
239,BV12B4y1w7MY,【主义主义】人道的自然主义（2-2-2-3）——杨朱：“拔一毛而利天下，弗为也”,2021-04-09,40935,29:00,人文历史,,https://www.bilibili.com/video/BV12B4y1w7MY
240,BV17U4y1h7Gx,【主义主义】实用的神秘主义（2-2-2-4）——韩非子的道家魔法，战国顶级贵族子弟接受的神秘学教育,2021-04-10,48913,57:13,人文历史,,https://www.bilibili.com/video/BV17U4y1h7Gx
241,BV1pK411F7F7,【主义主义】超验主义（2-2-3）——辩证形而上学的荣耀：为个体带来心灵解脱，为共同体激发“国运”,2021-04-10,38963,46:17,人文历史,,https://www.bilibili.com/video/BV1pK411F7F7
242,BV1bp4y1t7ya,【道家哲学】庄子·大宗师-第一步：外天下；从墨子、宋荣子、慎到，到老子、关尹子、庄子；从心怀天下的伦理热忱，到神游物外的形而上学,2021-04-10,50671,75:00,人文历史,,https://www.bilibili.com/video/BV1bp4y1t7ya
243,BV1154y1b7Bb,【主义主义】历史符号主义（2-2-3-1）——以《周易》为代表的形而上学范式,2021-04-12,63921,54:08,人文历史,,https://www.bilibili.com/video/BV1154y1b7Bb
244,BV17h411U7aA,【主义主义】形而上神秘主义（2-2-3-2）——手把手教你用哲学识破那些看似精巧的神秘主义形而上学大厦,2021-04-12,43952,25:52,人文历史,,https://www.bilibili.com/video/BV17h411U7aA
245,BV1Ri4y1w7eU,【主义主义】理性唯灵论（2-2-3-3）——三流诗人为现代社会炮制的拧绳形而上学；音乐的形而上学结构,2021-04-13,27499,51:06,人文历史,,https://www.bilibili.com/video/BV1Ri4y1w7eU
246,BV1oA41157Pn,【主义主义】诗的形而上学（2-2-3-4）——用哲学破解诗歌的奥秘，每首诗都是一个微型形而上学体系,2021-04-14,42456,48:23,人文历史,,https://www.bilibili.com/video/BV1oA41157Pn
247,BV1Xh411U74z,【主义主义】反二元对立（2-2-4）：哲学极速上手秘籍，手把手教你进行真正的哲学思考，随时随地搭建形而上学矩阵进行哲学运思,2021-04-16,71347,40:51,人文历史,,https://www.bilibili.com/video/BV1Xh411U74z
248,BV14v41177kC,【主义主义】龙树《中论》讲解——具有伦理热忱的虚无主义（2-2-4-1）：龙树如何破除二元（三元/四元）对立,2021-04-16,81069,108:43,人文历史,,https://www.bilibili.com/video/BV14v41177kC
249,BV1mp4y1t7YA,【主义主义】可辩的道德箴言（2-2-4-2）——塔木德的形而上学结构，犹太人睿智的伦理热忱,2021-04-18,24692,49:29,人文历史,,https://www.bilibili.com/video/BV1mp4y1t7YA
250,BV1fp4y1t7Bo,【主义主义】新实用主义（2-2-4-3）——理查德罗蒂：用真诚代替真理，用修辞代替神话,2021-04-18,29663,51:58,人文历史,,https://www.bilibili.com/video/BV1fp4y1t7Bo
251,BV1864y1m7Xt,【主义主义】惠施哲学精讲：“方中方睨”“方生方死”到底是什么意思——原始的现象学/分析哲学（2-2-4-4）,2021-04-20,49305,131:54,人文历史,,https://www.bilibili.com/video/BV1864y1m7Xt
252,BV1A54y1j7Tw,【答水友问】一个极其糟糕的问题,2021-04-20,98692,21:33,人文历史,,https://www.bilibili.com/video/BV1A54y1j7Tw
253,BV1pK411c7dC,【主义主义】我思形而上学（2-3）——笛卡尔的梦魇，斯宾诺莎的宁静，科学的摇篮，形而上学的坟墓,2021-04-20,47691,15:45,人文历史,,https://www.bilibili.com/video/BV1pK411c7dC
254,BV1H64y1i72N,【主义主义复习课】前现代的辩证思维：辩证形而上学（2-2）四大类共十六种,2021-04-20,23202,38:17,人文历史,,https://www.bilibili.com/video/BV1H64y1i72N
255,BV1aU4y1b7mX,【经典译读】康德《纯粹理性批判》（连载中）,2021-04-21,342310,2762:14,人文历史,,https://www.bilibili.com/video/BV1aU4y1b7mX
256,BV1TK4y1P7gC,【四十分钟哲学】哲学的二阶论域（3）：何为主体性,2021-04-22,51021,41:32,人文历史,,https://www.bilibili.com/video/BV1TK4y1P7gC
257,BV1P54y1j7HL,【主义主义】奥卡姆的剃刀到底是什么？认识论上完全不反思的形而上学：实体一元论（2-3-1）,2021-04-22,75763,39:20,人文历史,,https://www.bilibili.com/video/BV1P54y1j7HL
258,BV15V411J7AV,【主义主义】论渊博的无知性——渐进无限主义（2-3-1-1）：库萨的尼古拉的一元论形而上学，启发了康德的批判哲学与伦理学,2021-04-23,26666,31:37,人文历史,,https://www.bilibili.com/video/BV15V411J7AV
259,BV1B5411c7hW,【主义主义】布鲁诺究竟因何而死？——运动的静止主义（2-3-1-2）对亚里士多德体系重拳出击，启发了牛顿和伽利略的哲学,2021-04-24,24775,24:37,人文历史,,https://www.bilibili.com/video/BV1B5411c7hW
260,BV1ch411m7aM,【主义主义】实体整体主义（2-3-1-3）——斯宾诺莎的哲学确实是好东西,2021-04-25,74355,47:16,人文历史,,https://www.bilibili.com/video/BV1ch411m7aM
261,BV11q4y1E7WP,【主义主义】辩证一元论（2-3-1-4）：史上最强民哲、德意志第一位哲学家——波墨，越过康德直抵费希特、谢林、黑格尔,2021-04-26,47756,42:08,人文历史,,https://www.bilibili.com/video/BV11q4y1E7WP
262,BV1cv411j7qQ,【主义主义】心物二元论（2-3-2）：一切形而上学的没落之路,2021-04-27,33039,21:40,人文历史,,https://www.bilibili.com/video/BV1cv411j7qQ
263,BV1YZ4y1F7z1,【主义主义番外】我思、主体性、认识论、先验转向：如何超越形而上学（2） 走向观念论（3）简述笛卡尔、康德的哲学史地位,2021-04-27,46087,15:12,人文历史,,https://www.bilibili.com/video/BV1YZ4y1F7z1
264,BV1Mh411m765,【主义主义】理性动物主义（2-3-2-1）：比亚里士多德还要亚里士多德的托马斯·阿奎那,2021-04-28,33552,43:33,人文历史,,https://www.bilibili.com/video/BV1Mh411m765
265,BV1YZ4y1F7ve,【性的政治学】男权主义必然失败：“只有一种性别存在”——性多元主义与女性主义的联合之路,2021-04-28,638050,45:33,社科·法律·心理,,https://www.bilibili.com/video/BV1YZ4y1F7ve
266,BV1f84y1F7Wx,【主义主义】理性神秘主义（2-3-2-2）：埃克哈特大师——中期海德格尔的英雄，现代主体性的先驱,2021-04-29,32826,52:53,人文历史,,https://www.bilibili.com/video/BV1f84y1F7Wx
267,BV1YB4y1c7vH,【主义主义】超越的内在论（2-3-2-3）——路德据以掀起惊涛骇浪的现代精神,2021-04-30,26061,41:14,人文历史,,https://www.bilibili.com/video/BV1YB4y1c7vH
268,BV1np4y1b7YJ,【主义主义】现代理性主义（2-3-2-4）——一切现代哲学与科学的开端：笛卡尔为什么伟大，又在哪里蛇皮,2021-05-02,75914,82:59,人文历史,,https://www.bilibili.com/video/BV1np4y1b7YJ
269,BV1TN411f7Uo,【主义主义】单子主义（2-3-3）——现代科学的形而上学基础：莱布尼兹是如何把笛卡尔的内在封闭的机械性转化为外在孤立的并列关系的,2021-05-02,32888,32:03,人文历史,,https://www.bilibili.com/video/BV1TN411f7Uo
270,BV1Mv411j7AD,【四十分钟哲学】鉴右镜,2021-05-02,170615,40:17,人文历史,,https://www.bilibili.com/video/BV1Mv411j7AD
271,BV1mK4y1w7SL,【主义主义】前定主义（2-3-3-1）——为什么莱布尼兹不够莱布尼兹主义，而黑格尔才是真正的莱布尼兹主义,2021-05-04,30478,45:26,人文历史,,https://www.bilibili.com/video/BV1mK4y1w7SL
272,BV1AQ4y1f72y,【主义主义】体系完美主义（2-3-3-2）——沃尔夫并不那么蛇皮，他与康德可谓互有短长,2021-05-05,26031,33:03,人文历史,,https://www.bilibili.com/video/BV1AQ4y1f72y
273,BV1SA41137C8,【主义主义】逻辑原子主义：为什么罗素是一个蹩脚的前现代形而上学家,2021-05-05,71034,69:21,人文历史,,https://www.bilibili.com/video/BV1SA41137C8
274,BV1up4y147Pm,【半小时哲学】为什么我厌恶分哲小将,2021-05-05,272603,34:18,人文历史,,https://www.bilibili.com/video/BV1up4y147Pm
275,BV1vo4y1277g,【实用主义】蒯因《经验主义的两个教条》,2021-05-06,26358,282:16,人文历史,,https://www.bilibili.com/video/BV1vo4y1277g
276,BV1h64y127xS,【主义主义】分隔的整体主义（2-3-3-4）——叔本华悲观主义背后的形而上学根源,2021-05-07,43194,62:32,人文历史,,https://www.bilibili.com/video/BV1h64y127xS
277,BV1vo4y127Kn,【主义主义】宇宙平等主义（2-3-4）——哥白尼革命/公转的伟大的科学史、思想史意义,2021-05-08,25005,20:47,人文历史,,https://www.bilibili.com/video/BV1vo4y127Kn
278,BV1Jp4y1471k,【文学评论】毛姆所谓“面纱”的【致命翻译错误】背后，到底是什么鬼！,2021-05-08,77835,58:23,人文历史,,https://www.bilibili.com/video/BV1Jp4y1471k
279,BV13541137AF,【主义主义】数理还原主义（2-3-4-1）——伽利略的科学成就和不足背后的形而上学原因,2021-05-09,23786,28:34,人文历史,,https://www.bilibili.com/video/BV13541137AF
280,BV1fb4y1Z7Zm,【主义主义】稳定的干涉主义（2-3-4-2）：牛顿的形而上学，理解牛顿思想的关键，也是当时英国的时代精神,2021-05-10,27296,26:26,人文历史,,https://www.bilibili.com/video/BV1fb4y1Z7Zm
281,BV13K411F7bH,【主义主义】物理归纳主义（2-3-4-3）——培根：知识就是力量，而且是一种魔法力量,2021-05-10,23726,34:09,人文历史,,https://www.bilibili.com/video/BV13K411F7bH
282,BV1rq4y1f78p,【政治哲学】比特币的本质：世界的去自然化=资本的定向滴灌=美元的不尸转生,2021-05-11,133150,21:08,财经商业,,https://www.bilibili.com/video/BV1rq4y1f78p
283,BV1po4y1m78H,【主义主义】时空绝对主义（2-3-4-4）——伽森狄：盖过笛卡尔，化身马克思，17世纪最伟大的哲学家,2021-05-12,29056,31:58,人文历史,,https://www.bilibili.com/video/BV1po4y1m78H
284,BV1pV411E74v,【主义主义】学哲学必须绕开的陷阱：反形而上学（2-4）嘴巴上不承认自己是形而上学的形而上学,2021-05-13,83078,34:21,人文历史,,https://www.bilibili.com/video/BV1pV411E74v
285,BV12f4y1a7ZV,【主义主义】经验主义（2-4-1）——霍布斯的极简形而上学：利维坦和契约论的哲学基础,2021-05-14,37439,38:12,人文历史,,https://www.bilibili.com/video/BV12f4y1a7ZV
286,BV1Q54y157U4,【翻唱】尘缘 普通话/粤语版,2021-05-14,19200,08:59,翻唱,,https://www.bilibili.com/video/BV1Q54y157U4
287,BV1Vf4y1Y72m,【翻唱】笑红尘（普通话）做个真的我（粤语）,2021-05-14,27083,08:26,翻唱,,https://www.bilibili.com/video/BV1Vf4y1Y72m
288,BV1Sp4y147je,【主义主义】我思形而上学复习课（2-3）：现代哲学的开胃菜，康德的四位先驱,2021-05-14,27976,30:58,人文历史,,https://www.bilibili.com/video/BV1Sp4y147je
289,BV1V54y1L7sy,【主义主义】乐于接受的小体主义（2-4-1-1）——波义耳、聪明而怯懦者的形而上学,2021-05-16,26918,48:04,人文历史,,https://www.bilibili.com/video/BV1V54y1L7sy
290,BV1NQ4y1o7iH,【主义主义】“心灵是一块白板”绝大多数人都理解错了！洛克：观念论运动与先验哲学的伟大先驱——经验的观念论（2-4-1-2）,2021-05-17,37804,41:02,人文历史,,https://www.bilibili.com/video/BV1NQ4y1o7iH
291,BV1X5411u79k,【主义主义】“存在即被感知”到底是什么意思？贝克莱真的不是“主观唯心主义”：理念-精神二元论（2-4-1-3）,2021-05-18,42678,58:23,人文历史,,https://www.bilibili.com/video/BV1X5411u79k
292,BV11Q4y1o7EY,【主义主义】人类有限主义（2-4-1-4）——休谟的偷天换日计划，远不止经验主义怀疑论,2021-05-19,55264,47:46,人文历史,,https://www.bilibili.com/video/BV11Q4y1o7EY
293,BV1o5411u7B4,【主义主义】实证主义（2-4-2）——为人性筑起圣坛，科学哲学、社会学创始人孔德的形而上学,2021-05-19,124490,31:34,人文历史,,https://www.bilibili.com/video/BV1o5411u7B4
294,BV1Bo4y1m7iD,【答水友问】丁克只是因为生活成本高吗？,2021-05-20,100999,15:31,社科·法律·心理,,https://www.bilibili.com/video/BV1Bo4y1m7iD
295,BV1A84y1F7HE,【政治经济学】为什么再怎么省钱还是穷：花钱的本质，上班的本质，薪水的本质，996的本质，老板的本质,2021-05-20,295673,13:01,财经商业,,https://www.bilibili.com/video/BV1A84y1F7HE
296,BV1EV411j7Nc,【主义主义】自然主义的观念论（2-4-2-1）——经典布尔乔亚形而上学：约翰·穆勒的本体论、认识论与道德论,2021-05-21,28290,68:08,人文历史,,https://www.bilibili.com/video/BV1EV411j7Nc
297,BV195411u7W8,【主义主义】社会实证主义（2-4-2-2）——现代社会学的形而上学背景是谁干的？涂尔干的局限与失败,2021-05-21,30757,94:10,人文历史,,https://www.bilibili.com/video/BV195411u7W8
298,BV1iy4y1W7sg,【主义主义】自然神论的实证主义（2-4-2-3）——斯宾塞的绅士哲学，绝非社会达尔文主义，亦非安那其先驱,2021-05-23,26811,51:39,人文历史,,https://www.bilibili.com/video/BV1iy4y1W7sg
299,BV1Rv41157bZ,【主义主义】科学的实证主义（2-4-2-4）——马赫的蛇皮哲学，蕴含着巨大的危险，被逻辑实证主义误解，也算是因祸得福,2021-05-23,29878,47:53,人文历史,,https://www.bilibili.com/video/BV1Rv41157bZ
300,BV19h411Y7bv,【主义主义】致分哲小将2.0——为什么分析哲学不应该继续叫做分析哲学，为什么分析哲学不应该做逻辑实证主义的护教学：已然失败的逻辑实证主义（2-4-3）,2021-05-24,75449,111:57,人文历史,,https://www.bilibili.com/video/BV19h411Y7bv
301,BV18V41177Fh,【主义主义】相对语法主义（2-4-3-1）——维也纳学派创始人&逻辑实证主义运动发起人之一，石里克用逻辑语法建造的乖宝宝形而上学,2021-05-26,18982,52:29,人文历史,,https://www.bilibili.com/video/BV18V41177Fh
302,BV1Aq4y1j7pM,【社会评论】还躺平？给爷爬！,2021-05-26,194016,26:12,社科·法律·心理,,https://www.bilibili.com/video/BV1Aq4y1j7pM
303,BV1SA411g7hT,【主义主义】逻辑还原主义（2-4-3-2）——卡尔纳普在美国安身立命的吃饭家伙,2021-05-27,21142,52:53,人文历史,,https://www.bilibili.com/video/BV1SA411g7hT
304,BV1SV411j7SY,【一小时哲学】逻辑本身不靠谱（1）：用符号学戳穿同一律的骗局,2021-05-27,80113,55:28,人文历史,,https://www.bilibili.com/video/BV1SV411j7SY
305,BV1oA411g7AW,【三十六分钟哲学】逻辑的原罪，只能由辩证法拯救,2021-05-27,66158,36:41,人文历史,,https://www.bilibili.com/video/BV1oA411g7AW
306,BV1yA411g7aY,【主义主义】逻辑行为主义（2-4-3-3）——日常语言学派是如何继续逻辑实证主义的勾当的,2021-05-28,18359,31:18,人文历史,,https://www.bilibili.com/video/BV1yA411g7aY
307,BV1sK4y1R7fu,【主义主义】逻辑反实在论（2-4-3-4）——整个实证主义计划，被一个好人埋葬，古德曼（Goodman）的多重版本-世界理论,2021-05-28,16670,31:17,人文历史,,https://www.bilibili.com/video/BV1sK4y1R7fu
308,BV1A5411g7Rh,【主义主义】实用主义（2-4-4）——杜威哲学的形而上学预设,2021-05-29,44500,35:52,人文历史,,https://www.bilibili.com/video/BV1A5411g7Rh
309,BV1bK4y1R7so,【主义主义】逻辑实用主义（2-4-4-1）——如何在学术界风生水起名利双收？奎因的小聪明形而上学,2021-05-31,27863,51:20,人文历史,,https://www.bilibili.com/video/BV1bK4y1R7so
310,BV1SN411Z7Ru,【主义主义】原来“形而上学”才是真正的辩证法：论辩证法的片面、静止、只有量变和二元对立——正统辩证唯物主义（2-4-4-2）,2021-05-31,207364,65:50,人文历史,,https://www.bilibili.com/video/BV1SN411Z7Ru
311,BV1Vb4y1Z7Vx,【主义主义】何为语言：符号实用主义（2-4-4-3）：只要会说话就一定会掌握的一门形而上学；共同体在现代化中必然采取的符号学策略,2021-06-01,57349,76:21,人文历史,,https://www.bilibili.com/video/BV1Vb4y1Z7Vx
312,BV1wq4y177u6,【主义主义】揭秘禅宗的奥秘，参话头技术指南，前现代的分析师话语：生存实用主义（2-4-4-4）——Language背后的Lalangue机制,2021-06-03,112028,63:48,人文历史,,https://www.bilibili.com/video/BV1wq4y177u6
313,BV1fB4y1u7jY,【主义主义】自以为是“鹤立鸡群”的哲学：一元论诺斯替主义（1-2-1-3）——看华伦提诺是如何剑走偏锋另辟蹊径却终究功亏一篑的,2021-06-04,76671,30:54,人文历史,,https://www.bilibili.com/video/BV1fB4y1u7jY
314,BV1TU4y1j7U4,【主义主义】市井小民幻想大人物“微服私访”之后会体恤民情的哲学：模态位格一元论（1-2-1-4）,2021-06-04,61442,38:12,人文历史,,https://www.bilibili.com/video/BV1TU4y1j7U4
315,BV1py4y137ag,【主义主义】偶像崇拜（1-2-2）——崇拜偶像的符号学机制：为什么脑残粉相比自恋狂是一种进步，为什么崇拜者归根结底是在逃避自己,2021-06-06,131370,45:01,人文历史,,https://www.bilibili.com/video/BV1py4y137ag
316,BV1dU4y1L7n8,【主义主义】传殖主义（1-2-2-1）——祖先和血脉崇拜背后的意识形态机制,2021-06-07,60239,50:33,人文历史,,https://www.bilibili.com/video/BV1dU4y1L7n8
317,BV17q4y177QH,【主义主义】奇美拉、龙、麒麟、三头六臂……缝合怪崇拜的起源及背后的符号学机制：部分主义（1-2-2-2）,2021-06-08,40195,52:37,人文历史,,https://www.bilibili.com/video/BV17q4y177QH
318,BV1Hg411G7C3,【主义主义】拜物教（1-2-2-3）——读懂资本论的必修课：物神崇拜的符号学功能；偶像崇拜的第三种形式,2021-06-09,114897,49:18,人文历史,,https://www.bilibili.com/video/BV1Hg411G7C3
319,BV1zw411Z74z,【主义主义】偶像崇拜的终极形式：时间崇拜（1-2-2-4）——论时间之神Aion、狄奥尼索斯与奥菲欧斯的三位一体，节庆、永恒、往生、死亡崇拜背后的意识形态机制,2021-06-09,58016,47:07,人文历史,,https://www.bilibili.com/video/BV1zw411Z74z
320,BV1T5411u7oo,【主义主义】唯灵论（1-2-3）——所谓“灵修”不过是人的好奇与自私所支撑的意识形态,2021-06-11,44915,57:23,人文历史,,https://www.bilibili.com/video/BV1T5411u7oo
321,BV1RK4y1X7HL,【主义主义】为什么追求永生或厌弃生命都是完全没有必要的——永生主义（1-2-3-1）,2021-06-11,123820,46:10,人文历史,,https://www.bilibili.com/video/BV1RK4y1X7HL
322,BV1sh411a7zu,【主义主义】回归式唯灵论（1-2-3-2）——中二病轻信小道消息，灵界异闻录炮制指南,2021-06-12,34524,27:49,人文历史,,https://www.bilibili.com/video/BV1sh411a7zu
323,BV1YQ4y197yW,【二十分钟哲学】为什么清明梦是自欺欺人的：没有实在的梦境、没有自主的他人、没有独立的抉择、没有真正的清醒、只有强制的认同、只有虚假的自由,2021-06-12,87878,23:46,人文历史,,https://www.bilibili.com/video/BV1YQ4y197yW
324,BV1mw411Z7eX,【主义主义】魔法师主义（1-2-3-3）——为什么魔法归根结底是一种自恋的、倒错的癔症,2021-06-14,96289,68:30,人文历史,,https://www.bilibili.com/video/BV1mw411Z7eX
325,BV1zv411p71H,【主义主义】弃绝主义（1-2-3-4）解脱痛苦追求涅槃 意识的符号学机制,2021-06-15,49982,58:00,人文历史,,https://www.bilibili.com/video/BV1zv411p71H
326,BV1GM4y1u7jq,【主义主义】反偶像崇拜（1-2-4）——揭秘“信仰钢印”背后的意识形态机制,2021-06-16,62971,42:06,人文历史,,https://www.bilibili.com/video/BV1GM4y1u7jq
327,BV1uM4y1u7EL,【主义主义】作为信仰的命定论（1-2-4-1）——如何用哲学理解祥林嫂？,2021-06-16,37277,40:26,人文历史,,https://www.bilibili.com/video/BV1uM4y1u7EL
328,BV1iU4y1573U,【主义主义】尼采因何而疯？最危险、最廉价的意识形态，意识产生之前的人格化的符号学机制：救世主义（1-2-4-2）,2021-06-18,169390,48:16,人文历史,,https://www.bilibili.com/video/BV1iU4y1573U
329,BV1G64y1d7KW,【主义主义】神智论（1-2-4-3）——连线大他者的远程协助,2021-06-18,34895,56:43,人文历史,,https://www.bilibili.com/video/BV1G64y1d7KW
330,BV1eK4y1u7qT,【主义主义】神圣的爱（1-2-4-4）——永不失败的“爱情”：对大他者的一厢情愿,2021-06-20,93997,49:56,人文历史,,https://www.bilibili.com/video/BV1eK4y1u7qT
331,BV1g5411T7Bc,【主义主义】观念论（3）——作为一个现代人，该怎样思考哲学,2021-06-21,185796,63:28,人文历史,,https://www.bilibili.com/video/BV1g5411T7Bc
332,BV1KK4y1g7TA,【主义主义】现象学（3-1）——胡塞尔和他的事业、拥趸、敌人,2021-06-22,143906,51:38,人文历史,,https://www.bilibili.com/video/BV1KK4y1g7TA
333,BV1gh411Y7Xm,【现象学】胡塞尔《现象学的观念》演讲一：哲学与自然思维/实证科学的差别,2021-06-22,52426,101:14,人文历史,,https://www.bilibili.com/video/BV1gh411Y7Xm
334,BV1wq4y1j7K3,【八分钟哲学】我认为当前时代极为可行的哲学与思想路径：从先验现象学、辩证法、精神分析走向通用符号学,2021-06-23,130040,08:45,人文历史,,https://www.bilibili.com/video/BV1wq4y1j7K3
335,BV1uv411H7no,【主义主义】先验现象学（3-1-1）——胡塞尔的先验哲学计划,2021-06-23,142668,49:32,人文历史,,https://www.bilibili.com/video/BV1uv411H7no
336,BV1CV411s7V2,【现象学】胡塞尔《现象学的观念》演讲二：先验认识论的起点，笛卡尔我思，何为超越性，拒斥一切实证科学,2021-06-23,28159,136:30,人文历史,,https://www.bilibili.com/video/BV1CV411s7V2
337,BV115411T7GZ,【主义主义】先验直觉主义（3-1-1-1）——胡塞尔给所有意识普发的完整知识权，比经验主义更经验主义，比直觉主义更直觉主义，比先验主义更先验主义,2021-06-24,52085,45:04,人文历史,,https://www.bilibili.com/video/BV115411T7GZ
338,BV1t64y197i6,【现象学】胡塞尔《现象学的观念》演讲三 从纯粹看到现象学,2021-06-24,20427,137:44,人文历史,,https://www.bilibili.com/video/BV1t64y197i6
339,BV1U5411T7tV,【社会观察】996的实质：不！是！剥！削！,2021-06-25,3842806,30:56,人文历史,,https://www.bilibili.com/video/BV1U5411T7tV
340,BV1zB4y1K7m9,【主义主义复习课】四种自以为“超越”的形而下学（1-2）,2021-06-25,59908,22:03,人文历史,,https://www.bilibili.com/video/BV1zB4y1K7m9
341,BV1nh411Y7kR,【现象学】胡塞尔《现象学的观念》演讲四 我思的非超越性与普遍项的纯粹看,2021-06-25,16184,139:35,人文历史,,https://www.bilibili.com/video/BV1nh411Y7kR
342,BV1py4y1M7L8,【政治经济学】为什么996本质上 不！是！剥！削！,2021-06-26,130047,19:36,财经商业,,https://www.bilibili.com/video/BV1py4y1M7L8
343,BV17V411x7mG,【主义主义】先验本质主义（3-1-1-2）——先验现象学认识论化、体系化、科学化的前提,2021-06-26,37580,27:50,人文历史,,https://www.bilibili.com/video/BV17V411x7mG
344,BV1uK4y1g7HL,【主义主义】反思性的主体主义（3-1-1-3）——胡塞尔现象学之枢纽，以及为什么胡塞尔的现象学不是一种庸俗的唯我论,2021-06-27,37802,67:24,人文历史,,https://www.bilibili.com/video/BV1uK4y1g7HL
345,BV1S5411T76u,【主义主义】准先验辩证主义（3-1-1-4）——大二时期的德里达如何挽救胡塞尔先验现象学的遗产,2021-06-28,36563,69:47,人文历史,,https://www.bilibili.com/video/BV1S5411T76u
346,BV1SX4y1A7xm,【现象学】胡塞尔《现象学的观念》演讲五  本质还原的基本前提 和先验现象学的根本假设,2021-06-28,16326,166:16,人文历史,,https://www.bilibili.com/video/BV1SX4y1A7xm
347,BV1n5411T7Dm,【主义主义】实事现象学（3-1-2）——令现象学从哲学史走入历史，屈居二号人物的天才，舍勒,2021-06-28,32711,51:38,人文历史,,https://www.bilibili.com/video/BV1n5411T7Dm
348,BV1LX4y1P7ee,【社会观察】道德高于法律？谁说的？,2021-06-29,171853,36:26,人文历史,,https://www.bilibili.com/video/BV1LX4y1P7ee
349,BV1Zo4y1Q72p,【现象学】德里达《胡塞尔哲学中的发生问题》解读（连载中）,2021-06-29,34157,1249:30,人文历史,,https://www.bilibili.com/video/BV1Zo4y1Q72p
350,BV1X64y197yk,【主义主义】如何在现象学思考中安宁地抵达彼岸：媒介性的客观主义（3-1-2-1）,2021-06-29,29273,25:08,人文历史,,https://www.bilibili.com/video/BV1X64y197yk
351,BV1e64y1b7Nc,【主义主义】本质心理主义（3-1-2-2）——心病只用心药医的本质现象学，拒斥彻底而狂妄的先验主体性,2021-07-01,31709,21:13,人文历史,,https://www.bilibili.com/video/BV1e64y1b7Nc
352,BV1gw411Z7TE,【主义主义】现象学的唯美主义（3-1-2-3）——给美学“撑腰”的现象学，来看看没背叛胡塞尔的海德格尔长什么样,2021-07-02,32372,29:04,人文历史,,https://www.bilibili.com/video/BV1gw411Z7TE
353,BV1oy4y1M7ef,【主义主义】游戏的世界象征主义（3-1-2-4）——“我玩故我在”的哲学,2021-07-02,40989,28:31,人文历史,,https://www.bilibili.com/video/BV1oy4y1M7ef
354,BV1kh411h7NN,【主义主义】生活世界现象学（3-1-3）——用主体间性取代主体性,2021-07-04,33224,35:58,人文历史,,https://www.bilibili.com/video/BV1kh411h7NN
355,BV1W64y1Q7z8,【主义主义】主体间普遍主义（3-1-3-1）——哈贝马斯的去先验化路径,2021-07-04,36478,35:54,人文历史,,https://www.bilibili.com/video/BV1W64y1Q7z8
356,BV1Tg411u7DP,【15分钟哲学】一瓶哲学：拓扑学视角下的实在论、心理学、主体性、先验论与现象学,2021-07-04,40632,13:31,人文历史,,https://www.bilibili.com/video/BV1Tg411u7DP
357,BV1aX4y1P71q,【社会观察】短视频是如何让你陷入无脑循环的,2021-07-05,386485,31:13,人文历史,,https://www.bilibili.com/video/BV1aX4y1P71q
358,BV1Pq4y1x7fi,【社会观察】996对于人的素质的危害,2021-07-05,45585,17:22,人文历史,,https://www.bilibili.com/video/BV1Pq4y1x7fi
359,BV1gf4y1b74F,【社会观察】用情感与道德来直面996的生存挑战，躺平=保守主义幻想,2021-07-05,129508,11:29,人文历史,,https://www.bilibili.com/video/BV1gf4y1b74F
360,BV1LU4y1V7RP,【社会观察】高薪程序员的“996”实质,2021-07-05,40400,08:04,人文历史,,https://www.bilibili.com/video/BV1LU4y1V7RP
361,BV1tv411J7CR,【社会观察】靠996赚大钱的打工皇帝=生命被金钱驯化,2021-07-05,39290,11:39,人文历史,,https://www.bilibili.com/video/BV1tv411J7CR
362,BV1FV411s711,【政治经济学】你996赚的钱也配叫Capital？——Capital的实质（1）,2021-07-05,50339,19:26,财经商业,,https://www.bilibili.com/video/BV1FV411s711
363,BV1Ho4y1X7cp,【主义主义】本土方法论（3-1-3-2）——加芬克尔的现象学社会学：人人都有一套自己的理性,2021-07-06,23545,25:12,人文历史,,https://www.bilibili.com/video/BV1Ho4y1X7cp
364,BV12q4y1p76a,【自然哲学】为什么我认为克莱因瓶是四维的——一个哲学家对整个异化的数学、自然科学共同体的宣告，以及论一种跨维度主体间直觉主义几何学的可能性,2021-07-06,52601,53:39,人文历史,,https://www.bilibili.com/video/BV12q4y1p76a
365,BV1Sg411u7fs,【主义主义】格式塔现象学（3-1-3-3）——古尔维奇对胡塞尔先验现象学的掐头行动,2021-07-07,29006,27:58,人文历史,,https://www.bilibili.com/video/BV1Sg411u7fs
366,BV1KB4y1N7SF,【现象学】胡塞尔、梅洛-庞蒂、海德格尔、萨特分别是如何建构他者性与主体间性的【主义主义】当代现象学的主流范式：自身性现象学（3-1-3-4）,2021-07-08,49435,35:29,人文历史,,https://www.bilibili.com/video/BV1KB4y1N7SF
367,BV11f4y1L7Sv,【主义主义】现世的现象学（3-1-4）——泰斗之背书：晚年狄尔泰重要的现象学“遗产”,2021-07-09,22179,37:38,人文历史,,https://www.bilibili.com/video/BV11f4y1L7Sv
368,BV1gq4y1x7bm,【半小时哲学】学哲学，只要做到这两点，你就是海德格尔的水平：一条真正适用所有人的哲学路径,2021-07-09,240376,26:10,人文历史,,https://www.bilibili.com/video/BV1gq4y1x7bm
369,BV1U64y1Q7d7,【一刻钟哲学】哲学之贼——到底是什么在阻碍你思考真正的哲学：一个致命的坐标系,2021-07-09,191421,16:46,人文历史,,https://www.bilibili.com/video/BV1U64y1Q7d7
370,BV1944y1q7jY,【主义主义】追问的现象学（3-1-4-1）——比《存在与时间》更真诚的早期海德格尔是怎样的？,2021-07-10,31797,53:28,人文历史,,https://www.bilibili.com/video/BV1944y1q7jY
371,BV1t64y147HL,【主义主义】爱抚的哲学：性化的现象学（3-1-4-2）——不正经的萨特VS正经的胡塞尔，做那事时总要看和摸的深层机制,2021-07-11,43849,54:15,人文历史,,https://www.bilibili.com/video/BV1t64y147HL
372,BV1Yv411J7xi,【主义主义】存在论的现象学（3-1-4-3）——最丰富的现象学：梅洛-庞蒂的格式塔-行动-身体-知觉-他者-视角-语言-世界-场-存在论现象学,2021-07-11,44601,46:24,人文历史,,https://www.bilibili.com/video/BV1Yv411J7xi
373,BV1Cg411T75n,【主义主义】现象学伦理主义（3-1-4-4）——列维纳斯的另类时间性与他者面孔学,2021-07-12,31773,52:25,人文历史,,https://www.bilibili.com/video/BV1Cg411T75n
374,BV1xL411H7sy,【主义主义】德国观念论（3-2）——人类哲学史最精华的部分,2021-07-14,110165,33:06,人文历史,,https://www.bilibili.com/video/BV1xL411H7sy
375,BV1Ro4y1X7Sx,【哲学真功夫】海德格尔的神仙微操 ——从康德命题学到费希特知识学,2021-07-14,42131,60:01,人文历史,,https://www.bilibili.com/video/BV1Ro4y1X7Sx
376,BV1CL411H7Sp,【哲学真功夫】海德格尔的神仙微操：费希特的X是什么？,2021-07-14,24219,45:20,人文历史,,https://www.bilibili.com/video/BV1CL411H7Sp
377,BV1Bg411T7Jh,【伦理学】遭受痛苦与创伤后的四种本真姿态——其中两种目前尤为重要,2021-07-14,116307,34:36,人文历史,,https://www.bilibili.com/video/BV1Bg411T7Jh
378,BV1og411T7tD,【主义主义】批判哲学（3-2-1）——以“判断”为枢纽的康德先验哲学计划,2021-07-14,44960,27:46,人文历史,,https://www.bilibili.com/video/BV1og411T7tD
379,BV1sq4y1W7Df,【哲学真功夫】海德格尔的神仙微操 ——如何从“A=A”走向“我=我”走向“我存在”？,2021-07-15,35327,90:53,人文历史,,https://www.bilibili.com/video/BV1sq4y1W7Df
380,BV1gX4y1A7XY,【主义主义】无限的有限主义（3-2-1-1） 道德刷刷刷游戏的肝中肝帝：康德哲学的基本态势,2021-07-15,38082,53:31,人文历史,,https://www.bilibili.com/video/BV1gX4y1A7XY
381,BV1NU4y1G7xw,【社会观察】定义996,2021-07-16,85587,38:29,人文历史,,https://www.bilibili.com/video/BV1NU4y1G7xw
382,BV1154y1n7qC,【主义主义】先验经验主义（3-2-1-2）——劣版现象学、普发主体性、自称“前康德”的后康德主义：怀特海的过程哲学,2021-07-17,28897,45:37,人文历史,,https://www.bilibili.com/video/BV1154y1n7qC
383,BV1BB4y1N7bj,【主义主义】先验逻辑主义（3-2-1-3）——“回到康德去”，真正的、死硬的唯心主义,2021-07-18,31989,41:54,人文历史,,https://www.bilibili.com/video/BV1BB4y1N7bj
384,BV1p64y1X7Tn,【主义主义】符号形式主义（3-2-1-4）——民哲终结者：新康德主义的回光返照，卡西尔的泛隐喻主义符号哲学,2021-07-18,40371,55:26,人文历史,,https://www.bilibili.com/video/BV1p64y1X7Tn
385,BV1qU4y1n7iL,【主义主义】知识学（3-2-2）——“我在故我在！”，辩证法、现象学、和存在主义的三重先驱：费希特,2021-07-20,64014,41:49,人文历史,,https://www.bilibili.com/video/BV1qU4y1n7iL
386,BV1ZM4y1K7uM,【主义主义】理智直观主义（3-2-2-1）——从先验主体性退回绝对整体主义，晚年费希特，怂了,2021-07-21,25337,56:14,人文历史,,https://www.bilibili.com/video/BV1ZM4y1K7uM
387,BV1qv411n768,【主义主义】先验观念论（3-2-2-2）——不用再读康德了，读了谢林25岁写的这本书，直接上手观念论和辩证法吧,2021-07-22,167683,56:04,人文历史,,https://www.bilibili.com/video/BV1qv411n768
388,BV1v54y1E7WH,【唱歌酬宾】7-21 沧海一声笑、心里日记、逍遥游、如梦令,2021-07-22,21348,29:45,日常,,https://www.bilibili.com/video/BV1v54y1E7WH
389,BV1p64y1t7vM,【唱歌酬宾】7-22  似是故人来、祝福、一生所爱、灰色轨迹、夜机、沧海一声笑、相思湖畔、张三的歌,2021-07-22,35014,56:10,翻唱,,https://www.bilibili.com/video/BV1p64y1t7vM
390,BV1MB4y1K7iS,【四十分钟哲学】什么叫做先验哲学？,2021-07-22,103303,39:06,人文历史,,https://www.bilibili.com/video/BV1MB4y1K7iS
391,BV1dV411H7uu,【三刻钟哲学】普通人思维vs先验哲学思维，为什么普通人的思维方式非常孱弱,2021-07-22,215510,45:22,人文历史,,https://www.bilibili.com/video/BV1dV411H7uu
392,BV1cX4y1c71w,【主义主义】彻底的经验主义（3-2-2-3）——最聪明的实用主义者威廉·詹姆斯，其实是一个平行进化的费希特主义者,2021-07-23,37557,54:33,人文历史,,https://www.bilibili.com/video/BV1cX4y1c71w
393,BV1hq4y1H74z,【主义主义】唯我的实在论/现实主义（3-2-2-4）——早期维特根斯坦的《逻辑哲学论》是费希特先验唯我论迟到的讣告,2021-07-24,51145,50:21,人文历史,,https://www.bilibili.com/video/BV1hq4y1H74z
394,BV1aM4y1T7Mj,【主义主义】体系自由主义（3-2-3）——德国观念论的首个高峰，谢林思想的转折点：绝对者内在的不一致性,2021-07-25,44362,32:17,人文历史,,https://www.bilibili.com/video/BV1aM4y1T7Mj
395,BV1Gv411J7uV,【主义主义】时间-本体论（3-2-3-1）——谢林《世界时代》中的前本体论发生学，把握晚期海德格尔运思的前置关卡,2021-07-25,61109,45:53,人文历史,,https://www.bilibili.com/video/BV1Gv411J7uV
396,BV1CP4y1s7BM,【主义主义】加倍的德国观念论（3-2-3-2）——齐泽克心目中的世界图像：在德国观念论中塞入唯物主义,2021-07-27,49699,88:46,人文历史,,https://www.bilibili.com/video/BV1CP4y1s7BM
397,BV1ZP4y1s7Lx,【家长必备】青少年心理发展的三重机制：为什么学生一定要去学校学习，一定不要在家自学,2021-07-27,271518,21:00,人文历史,,https://www.bilibili.com/video/BV1ZP4y1s7Lx
398,BV1jQ4y1f7rr,【原文译读】齐泽克《自由的深渊》英文版（完结）,2021-07-27,207846,1833:34,人文历史,,https://www.bilibili.com/video/BV1jQ4y1f7rr
399,BV1W64y1x7mY,【主义主义复习课】现象学（3-1）的四种主要形态和具体十六种现象学,2021-07-28,39903,17:51,人文历史,,https://www.bilibili.com/video/BV1W64y1x7mY
400,BV1pg41177WJ,【主义主义】生存论的存在主义（3-2-3-3）——与晚期谢林心心相印的晚期海德格尔,2021-07-29,35474,50:24,人文历史,,https://www.bilibili.com/video/BV1pg41177WJ
401,BV1E54y1J7dU,【青年建议】在校学生暑假出来打工一定要注意的几件事情,2021-07-29,168425,36:11,社科·法律·心理,,https://www.bilibili.com/video/BV1E54y1J7dU
402,BV1aM4y1T7f3,【青年建议】初中、高中成绩差的最根本原因和解决方法,2021-07-29,1151221,35:10,校园学习,,https://www.bilibili.com/video/BV1aM4y1T7f3
403,BV1tM4y1T7FM,【主义主义】自身-辩证法（3-2-3-4）——早期黑格尔vs晚期谢林，来看看黑格尔辩证法未成熟时是怎样的,2021-07-30,62345,41:23,校园学习,,https://www.bilibili.com/video/BV1tM4y1T7FM
404,BV1xU4y1J7iL,【主义主义】辩证法（3-2-4）——黑格尔：走向绝对精神的历史走向,2021-07-31,290417,36:15,人文历史,,https://www.bilibili.com/video/BV1xU4y1J7iL
405,BV1qq4y1p7Hi,【主义主义】逻辑学（3-2-4-1）——黑格尔的逻辑学不仅仅是他的本体论，而且就是一切逻辑本身,2021-08-01,135909,66:24,人文历史,,https://www.bilibili.com/video/BV1qq4y1p7Hi
406,BV1Pf4y1V7X7,【主义主义】否定辩证法（3-2-4-2）——无调性哲学，阿多诺过于绝望地离散了,2021-08-02,59683,41:32,人文历史,,https://www.bilibili.com/video/BV1Pf4y1V7X7
407,BV1Sy4y157QZ,【主义主义】爱欲辩证法（3-2-4-3）——马尔库塞的背叛，从否定性的悲观主义走向盲目的爱欲躁动,2021-08-02,74213,32:18,人文历史,,https://www.bilibili.com/video/BV1Sy4y157QZ
408,BV1UQ4y1f7So,【主义主义】意识形态学（3-2-4-4）——“黑化”了的哲学：阿尔都塞的“超定”辩证法目前的主要功能,2021-08-04,94446,43:50,人文历史,,https://www.bilibili.com/video/BV1UQ4y1f7So
409,BV1n54y177ts,【主义主义】生存论（3-3）——温和布尔乔亚的激进反观念论,2021-08-04,72614,34:25,人文历史,,https://www.bilibili.com/video/BV1n54y177ts
410,BV1Mg411j745,【主义主义】存在（being而非existence）主义（3-3-1）——真正的存在论哲学家根本不是所谓的“存在主义者”,2021-08-05,116409,21:28,人文历史,,https://www.bilibili.com/video/BV1Mg411j745
411,BV1cb4y167Hi,【主义主义】海德格尔《存在与时间》中的领会与筹划——分环节的生存论的存在论（3-3-1-1）,2021-08-07,56933,55:33,人文历史,,https://www.bilibili.com/video/BV1cb4y167Hi
412,BV1Jf4y1V7QB,【主义主义】人道主义的存在主义（3-3-1-2）——萨特存在主义的基本结构,2021-08-08,93733,67:43,人文历史,,https://www.bilibili.com/video/BV1Jf4y1V7QB
413,BV1Xq4y1n7Wg,【一小时哲学】教哲学就是要教黑话，学哲学就是要学黑话：不存在哲学普及这回事，只存在普遍教导普通人学习真正的、彻底的、完整的、鲜活的哲学,2021-08-09,205716,63:34,人文历史,,https://www.bilibili.com/video/BV1Xq4y1n7Wg
414,BV1hy4y1L7BS,【主义主义】政治的理性主义（3-3-1-3）——梅洛庞蒂：看穿了《辩证法的历险》，却陷入了理性的狡计,2021-08-09,438241,43:58,人文历史,,https://www.bilibili.com/video/BV1hy4y1L7BS
415,BV1nq4y1n731,【十七分钟哲学】学哲学，从恋词癖始，到恋词癖终,2021-08-09,122173,17:23,人文历史,,https://www.bilibili.com/video/BV1nq4y1n731
416,BV1pv411K7oX,【主义主义复习课】回顾整个德国观念论运动（3-2）,2021-08-10,46235,44:43,人文历史,,https://www.bilibili.com/video/BV1pv411K7oX
417,BV1k44y1C7oy,【主义主义】前本体论（3-3-1-4）——《从本有而来》的海德格尔《对于哲学的贡献》 一次新探索？ 不，是成为新的世界体系构建之前的史前史,2021-08-11,45506,80:42,人文历史,,https://www.bilibili.com/video/BV1k44y1C7oy
418,BV1mM4y157rF,【主义主义】真正的生存主义（3-3-2）——以命代思、非此即彼的焚心以火者,2021-08-12,61358,38:43,校园学习,,https://www.bilibili.com/video/BV1mM4y157rF
419,BV1Gg411j7df,【主义主义】安放了的实存主义（3-3-2-1）——克尔凯廓尔的三个阶段与两种辩证法,2021-08-12,42818,85:20,校园学习,,https://www.bilibili.com/video/BV1Gg411j7df
420,BV12M4y157rK,【主义主义】诗性存在论（3-3-2-2）——以诗代思，荷尔德林的癫疯循环,2021-08-13,43206,57:35,校园学习,,https://www.bilibili.com/video/BV12M4y157rK
421,BV1S64y1Y72E,【爱欲经济学】六、通用的审美化性化的发生学机制,2021-08-13,128886,46:58,校园学习,,https://www.bilibili.com/video/BV1S64y1Y72E
422,BV1e64y1s7ms,【七十五分钟哲学】分析哲学虽不配称为“哲学”，但更不配自居“分析”,2021-08-15,132297,73:29,人文历史,,https://www.bilibili.com/video/BV1e64y1s7ms
423,BV1jf4y137gM,【主义主义】神-人伦理学（3-3-2-3）——尼采笔下的“查拉图斯特拉”走入现实，是如何从生存论的深渊里幸存的,2021-08-15,50808,16:05,人文历史,,https://www.bilibili.com/video/BV1jf4y137gM
424,BV1FL4y1e7Cq,【主义主义】超验-生存论（3-3-2-4）——雅思贝尔斯教你如何探测世界本身的版本更新,2021-08-16,30398,41:51,人文历史,,https://www.bilibili.com/video/BV1FL4y1e7Cq
425,BV1rf4y1377e,【随便聊聊】我个人的减肥方法，仅供成年人参考，非医疗建议,2021-08-16,114795,25:14,日常,,https://www.bilibili.com/video/BV1rf4y1377e
426,BV1vq4y1M7z4,【主义主义】何为永恒轮回、权力意志、爱命运——尼采的同一生存论（3-3-3）,2021-08-17,116527,50:30,人文历史,,https://www.bilibili.com/video/BV1vq4y1M7z4
427,BV1sM4y1L73D,【主义主义】为什么尼采的哲学是错的，但仍是有用的——试图用尼采伦理学的瑕疵掩盖其本体论致命错误的舍斯托夫哲学：斗争的生存论（3-3-3-1）,2021-08-17,125517,50:56,人文历史,,https://www.bilibili.com/video/BV1sM4y1L73D
428,BV17g41157y9,【主义主义】为什么尼采主义的姿态很容易走向反智和庸俗，尼采主义先驱：雅各比——直接生存论（3-3-3-2）,2021-08-19,53728,58:45,人文历史,,https://www.bilibili.com/video/BV17g41157y9
429,BV1Fq4y1M7Rb,【批判德勒兹】差异与重复（更新中，但是不确定我能忍受这种恶心忍受多久）,2021-08-19,99301,74:21,人文历史,,https://www.bilibili.com/video/BV1Fq4y1M7Rb
430,BV1Eg41157BA,【主义主义】晚期尼采的观念论历险，永恒轮回的至高真理，中介辩证法的完成，从孤独走向共在——共同体的生存论（3-3-3-3）,2021-08-20,70505,44:30,人文历史,,https://www.bilibili.com/video/BV1Eg41157BA
431,BV1Vy4y157pn,【告一段落】事态的澄清,2021-08-21,177175,38:14,日常,,https://www.bilibili.com/video/BV1Vy4y157pn
432,BV15M4y1L7ek,【主义主义番外】不要从生存论（3-3）走向某些错误的终点，要保持思考，构造体系,2021-08-21,55583,19:36,人文历史,,https://www.bilibili.com/video/BV15M4y1L7ek
433,BV1k64y1e7Be,【三刻钟哲学】本体论化：超越本体论的束缚，高阶哲学的基本论域，辩证唯物主义的基本原理解读,2021-08-22,142355,44:15,人文历史,,https://www.bilibili.com/video/BV1k64y1e7Be
434,BV16L4y1a76p,【主义主义】Financial Capitalism（3-3-3-4）——不学就会的无意识哲学，永不终止的生存论危机，现代原子化主体的永恒偏斜,2021-08-22,72537,26:00,人文历史,,https://www.bilibili.com/video/BV16L4y1a76p
435,BV1h64y1a7kW,【主义主义】虚构的生存论（3-3-4）——被囚禁在小说里的灵魂，陀思妥耶夫斯基,2021-08-22,61405,37:13,人文历史,,https://www.bilibili.com/video/BV1h64y1a7kW
436,BV1iU4y1j7gz,【随便聊聊】为什么在学习中跌倒，远好于在现实中跌倒,2021-08-23,118273,27:52,校园学习,,https://www.bilibili.com/video/BV1iU4y1j7gz
437,BV1Lg411L7yx,【半小时哲学】为什么世界上会有一群人而不是只有我自己，为什么唯我论必然是错的（哪怕是最高级版本）——先验主观主义 vs 辩证唯物主义,2021-08-23,166933,28:27,人文历史,,https://www.bilibili.com/video/BV1Lg411L7yx
438,BV1M44y1C72a,【长录播】光有钱没有用，行动的六个要素,2021-08-23,122564,85:07,职业职场,,https://www.bilibili.com/video/BV1M44y1C72a
439,BV1my4y137hf,【主义主义】幸存的兄弟主义（3-3-4-1）——卡拉马佐夫兄弟们的哲学,2021-08-24,56353,36:49,校园学习,,https://www.bilibili.com/video/BV1my4y137hf
440,BV1y64y1e7eY,【主义主义】陀思妥耶夫斯基《宗教大法官》vs卡夫卡《审判》，卡夫卡的哲学——去中心化的科层主义（3-3-4-2）,2021-08-25,93463,54:07,人文历史,,https://www.bilibili.com/video/BV1y64y1e7eY
441,BV1sU4y1j73a,作为辩证唯物主义者，我们应该以什么样的姿态生存？（学界以海解马 老夫以马解海）,2021-08-25,146910,51:58,人文历史,,https://www.bilibili.com/video/BV1sU4y1j73a
442,BV1xv411A77M,【答水友问】绝对精神和原初物质是同一种东西吗？【哲学秘籍】为什么要学一些体系化、环节化、阶次化的哲学,2021-08-25,56792,16:14,人文历史,,https://www.bilibili.com/video/BV1xv411A77M
443,BV1xM4y1V7WH,【主义主义】幸福的幸存主义（3-3-4-3）——加缪的荒谬毫不荒谬，加缪的反抗无比幸福,2021-08-26,106786,52:06,人文历史,,https://www.bilibili.com/video/BV1xM4y1V7WH
444,BV1wQ4y117Zt,【主义主义】诗性永恒主义（3-3-4-4）——博尔赫斯的本体论游戏，文化资本主义的哲学,2021-08-26,60880,53:00,人文历史,,https://www.bilibili.com/video/BV1wQ4y117Zt
445,BV1cf4y1H7Ci,【主义主义】符号学（3-4）——现代哲学的“合”法性来源：将有限性坚持到底的绝对中介，符号,2021-08-27,120010,45:37,人文历史,,https://www.bilibili.com/video/BV1cf4y1H7Ci
446,BV1Hy4y1G7ep,【主义主义】结构主义（3-4-1）——在差异性、共时性原则下，对于现象学和观念论的先验主体性的反动，从意识形态学、本体论分类学走向无意识的符号学结构,2021-08-29,76612,39:04,人文历史,,https://www.bilibili.com/video/BV1Hy4y1G7ep
447,BV11M4y137yS,【主义主义】结构人本主义（3-4-1-1）——列维-斯特劳斯的“魔法”符号学,2021-08-30,42380,61:28,人文历史,,https://www.bilibili.com/video/BV11M4y137yS
448,BV1gM4y157PT,【主义主义】隐喻的象征主义（3-4-1-2）——早期拉康的符号学精神分析：想象性的误认从一开始就预示着隐喻和象征,2021-08-31,50452,66:20,人文历史,,https://www.bilibili.com/video/BV1gM4y157PT
449,BV1uf4y1H7z5,【一刻钟哲学】什么是主体，什么是意识形态，什么是主体化（齐泽克《自由的深渊》）,2021-08-31,184318,15:10,人文历史,,https://www.bilibili.com/video/BV1uf4y1H7z5
450,BV18L41147nT,【主义主义】分类性的叙事主义（3-4-1-3）——过分精致的文青哲学：从写作的零度走向本体论的丧失，罗兰·巴特的泛叙事学策略,2021-09-01,34294,37:53,人文历史,,https://www.bilibili.com/video/BV18L41147nT
451,BV1m3411i78S,【主义主义】陈述性的话语主义（3-4-1-4）——福柯的谱系学、考古学和微观网络幻视下错误的去中心化路径,2021-09-02,56257,54:08,人文历史,,https://www.bilibili.com/video/BV1m3411i78S
452,BV1ob4y117Sj,【一小时哲学】反思必须是彻底的、普遍的、总体的，与其进行虚假的反思，索性别反思：什么样的人切勿看我的视频,2021-09-02,704152,60:26,人文历史,,https://www.bilibili.com/video/BV1ob4y117Sj
453,BV1SP4y1a7Em,【主义主义复习课】生存论（3-3）——哲人以心灵、生命和尊严进行的本体论冒险,2021-09-03,30892,30:02,人文历史,,https://www.bilibili.com/video/BV1SP4y1a7Em
454,BV1f34y1D7nP,【主义主义】后结构主义和解构主义的差别，真正的后结构主义（3-4-2）——身在曹营心在汉，混入敌营的阿尔都塞,2021-09-04,100006,47:10,人文历史,,https://www.bilibili.com/video/BV1f34y1D7nP
455,BV1DL411475o,【主义主义】无意识的主体主义（3-4-2-1）——结构主义隐蔽的本体论所预设的发生学机制：拉康的无头主体性,2021-09-05,43405,58:08,人文历史,,https://www.bilibili.com/video/BV1DL411475o
456,BV1kf4y1A7br,【主义主义】静止的事件主义（3-4-2-2）——保持忠诚，把位子占住，等待真理事件的降临！巴迪欧的反结构主义策略,2021-09-06,44625,51:10,人文历史,,https://www.bilibili.com/video/BV1kf4y1A7br
457,BV1vL4y1h72E,【主义主义】哲学的墨守成规（3-4-2-3）——齐泽克的理论体系大致是怎样的,2021-09-06,80111,35:42,人文历史,,https://www.bilibili.com/video/BV1vL4y1h72E
458,BV1Mb4y1U7Jf,【社会观察】中专的同学们如果在实习中遇到这种情况，不要害怕,2021-09-07,117750,25:41,职业职场,,https://www.bilibili.com/video/BV1Mb4y1U7Jf
459,BV1YQ4y1a79j,【主义主义】一二三代的女性主义分别是怎样的？女性主义的最高形式，克里斯蒂娃同志的理论实践：螺旋的贱斥主义（3-4-2-4）,2021-09-08,111565,41:05,人文历史,,https://www.bilibili.com/video/BV1YQ4y1a79j
460,BV1Dq4y1Z7z1,【校园生活】让你爱上校园生活的中二游戏大盘点：不用手机不充钱，一样可以玩得尽兴,2021-09-08,102856,53:01,日常,,https://www.bilibili.com/video/BV1Dq4y1Z7z1
461,BV1Gg411c78c,【主义主义】差异的辩证法（3-4-3）——何为延异：德里达反对黑格尔反而使得黑格尔成为了德里达，后现代哲学就是现代哲学,2021-09-09,64958,64:35,人文历史,,https://www.bilibili.com/video/BV1Gg411c78c
462,BV1PL4y1a7UM,【主义主义】游牧的辩证主义（3-4-3-1）——以主奴辩证法再一次理解永恒轮回：为什么德勒兹不够德勒兹主义，为什么《道德的谱系》里的尼采还不是超人,2021-09-10,73526,74:00,人文历史,,https://www.bilibili.com/video/BV1PL4y1a7UM
463,BV1L3411q7rs,【主义主义】圆满的经济学（3-4-3-2）——使劲忽悠土豪的哲学家，尼采主义者的大敌：巴塔耶,2021-09-11,46569,46:05,人文历史,,https://www.bilibili.com/video/BV1L3411q7rs
464,BV1JQ4y1y7Gf,【主义主义】倒错的好客主义（3-4-3-3）——高端玩家克罗索斯基，后现代哲学的顶峰，破解了先验现象学的辩证化机制,2021-09-12,36847,54:03,人文历史,,https://www.bilibili.com/video/BV1JQ4y1y7Gf
465,BV1df4y1J72G,【有谁共鸣】翻唱，追忆张国荣,2021-09-12,55784,37:12,翻唱,,https://www.bilibili.com/video/BV1df4y1J72G
466,BV1bq4y1N76d,【主义主义】局部的总体主义（3-4-3-4）——终结永恒轮回，背叛尼采主义的后现代投机分子：利奥塔,2021-09-13,33386,62:00,人文历史,,https://www.bilibili.com/video/BV1bq4y1N76d
467,BV1NP4y1Y7M8,【社会观察】出门在外的最高原则：始终维护自己的人身安全，在危险发生的可能性面前要果断寻求一切救济,2021-09-13,35223,33:02,社会观察,,https://www.bilibili.com/video/BV1NP4y1Y7M8
468,BV1aQ4y1y7Ae,【社会观察】叫车出行时乘客有权随时解除合同：在不侵害他人合法权益的前提下，再怎么确保自身人身安全也不为过，平台的不合理制度是司机群体要自己面对的斗争,2021-09-14,23633,29:21,社会观察,,https://www.bilibili.com/video/BV1aQ4y1y7Ae
469,BV1E34y1Q7DM,【社会观察】有志青年，不要总关心“父系血脉”能不能传承的那点破事,2021-09-14,244557,47:28,日常,,https://www.bilibili.com/video/BV1E34y1Q7DM
470,BV1oL4y1h7Cp,【社会观察】为什么直播行业会火？,2021-09-14,115730,50:21,日常,,https://www.bilibili.com/video/BV1oL4y1h7Cp
471,BV1Mg41157ps,【主义主义】解释学（3-4-4）——将永恒轮回压入瞬间的伟大存在论探索，哲学符号学的顶峰,2021-09-14,81520,34:43,人文历史,,https://www.bilibili.com/video/BV1Mg41157ps
472,BV1gL411x7gm,【主义主义】现象学的解释学（3-4-4-1）——迟来的现象学，修辞、隐喻、象征的哲学正名,2021-09-15,44010,31:11,人文历史,,https://www.bilibili.com/video/BV1gL411x7gm
473,BV18Q4y1k7hi,【主义主义】经典的精神分析（3-4-4-2）——弗洛伊德引导的第一次精神分析运动,2021-09-16,96607,35:35,人文历史,,https://www.bilibili.com/video/BV18Q4y1k7hi
474,BV1Ab4y1m7pv,【主义主义】哲学的最高奥义：语言游戏（3-4-4-3）——另外，如何正确理解晚期维特根斯坦的“沉默”,2021-09-17,133663,37:02,人文历史,,https://www.bilibili.com/video/BV1Ab4y1m7pv
475,BV1QA411F7ut,【主义主义】针对资本主义的精神分析（3-4-4-4）——无意识何以生产出主客体？理论家为编织体系，走向注定失败的大学话语,2021-09-18,73990,44:24,人文历史,,https://www.bilibili.com/video/BV1QA411F7ut
476,BV15v411A7nX,【主义主义复习课】本世纪人文知识分子必须掌握的反思工具：符号学（3-4）,2021-09-19,66586,64:26,人文历史,,https://www.bilibili.com/video/BV15v411A7nX
477,BV1XL411x72W,【主义主义】形而下学（1）——天真的前反思状态是怎样的，如何克服？以及场域论上1、2、3、4的核心差别,2021-09-20,228527,29:37,人文历史,,https://www.bilibili.com/video/BV1XL411x72W
478,BV1vR4y1H78h,【主义主义】科学实在论（1-1）——俘获科学体系的底层知识生产者的意识形态,2021-09-21,200064,26:53,人文历史,,https://www.bilibili.com/video/BV1vR4y1H78h
479,BV1s3411278n,【校园生活】中学生课业压力太大怎么办？,2021-09-21,99665,44:46,校园学习,,https://www.bilibili.com/video/BV1s3411278n
480,BV1Yf4y1w775,【主义主义】物理主义（1-1-1）——学术精英主义投机分子纽拉特炮制的意识形态,2021-09-22,91750,49:27,校园学习,,https://www.bilibili.com/video/BV1Yf4y1w775
481,BV1AL411s7YF,【五十分钟哲学】“欧陆哲学偏文学”？又有空投支队在云层里给我挖坑，别搞了行吗？我们关心的永远是人类整体的现实命运,2021-09-23,71939,52:12,人文历史,,https://www.bilibili.com/video/BV1AL411s7YF
482,BV1nL41147E6,【主义主义】科学独断论（1-1-1-1）——最劣化版本的“知识就是力量”和“永恒轮回”,2021-09-23,171343,26:04,人文历史,,https://www.bilibili.com/video/BV1nL41147E6
483,BV16R4y1p7fM,【主义主义】有机进化论（1-1-1-2）——理工科知识分子的理论恋活癖背后的意识形态,2021-09-24,55377,38:45,人文历史,,https://www.bilibili.com/video/BV16R4y1p7fM
484,BV1Qv4113798,【分哲反正】齐泽克主编，精神分析探索系列之四：托姆西斯《享乐的劳动》（连载中）,2021-09-24,42813,290:57,人文历史,,https://www.bilibili.com/video/BV1Qv4113798
485,BV1yL4y187Up,【主义主义】科学消费主义（1-1-1-3）——幸福可以被量化的科学享乐指南、吃鱼子酱配苏打饼干背后的意识形态,2021-09-25,64133,32:20,人文历史,,https://www.bilibili.com/video/BV1yL4y187Up
486,BV14h411n7MZ,【主义主义】宇宙悲观主义（1-1-1-4）——科幻小说家的虚无主义自恋范本和假冒伪劣宏大叙事,2021-09-26,151794,54:45,人文历史,,https://www.bilibili.com/video/BV14h411n7MZ
487,BV1ef4y1w7Dn,【主义主义】建构论（1-1-2）——社会学/心理学中渗透的意识形态，与物理主义的虚假对立,2021-09-27,59281,27:11,人文历史,,https://www.bilibili.com/video/BV1ef4y1w7Dn
488,BV1CL4y187Sb,【怎么办】下闲棋，烧冷灶：优则下闲棋，劣则烧冷灶,2021-09-28,59387,41:31,日常,,https://www.bilibili.com/video/BV1CL4y187Sb
489,BV1CL4y187Xy,【主义主义】科学知识社会学（1-1-2-1）——社会学家面对自然科学共同体的一次强有力的挑衅,2021-09-28,44095,32:31,人文历史,,https://www.bilibili.com/video/BV1CL4y187Xy
490,BV1dP4y1b7gb,【主义主义】科学革命论（1-1-2-2）——库恩预设的科学史元话语的理想化意识形态,2021-09-29,33297,26:32,人文历史,,https://www.bilibili.com/video/BV1dP4y1b7gb
491,BV1uq4y1Z76Q,【主义主义】文化本体论（1-1-2-3）——“文化”“素质”“灯塔”背后的意识形态,2021-09-30,44350,27:51,人文历史,,https://www.bilibili.com/video/BV1uq4y1Z76Q
492,BV1z3411y7ts,【主义主义】解构建构论（1-1-2-4）——解构主义的最劣版本之美国心理学版本,2021-09-30,39345,24:02,人文历史,,https://www.bilibili.com/video/BV1z3411y7ts
493,BV1A341117V6,【主义主义】认知主义（1-1-3）——人类追求人工智能、建构心灵模型的一整个错误的科学实在论路径,2021-10-01,47248,21:17,人文历史,,https://www.bilibili.com/video/BV1A341117V6
494,BV1FL411s7DF,【主义主义】功能主义 （ 1-1-3-1） 人工智能的基本意识形态，缸中之脑的缸到底是什么？ 从心灵就是图灵机，到一切都是图灵机,2021-10-02,39557,33:03,人文历史,,https://www.bilibili.com/video/BV1FL411s7DF
495,BV15Q4y167bL,【主义主义】自由进化论（1-1-3-2）——妄图用元胞机模拟意识的突变诞生，丹尼尔·丹尼特的蛇皮意识发生学,2021-10-03,38624,33:13,人文历史,,https://www.bilibili.com/video/BV15Q4y167bL
496,BV1tb4y1a7YS,【主义主义】认知自我主义（1-1-3-3）——达马西奥的自我意识发生学,2021-10-04,30466,59:42,人文历史,,https://www.bilibili.com/video/BV1tb4y1a7YS
497,BV1Aq4y1d7oe,【主义主义】认知无我论（1-1-3-4）——新世纪AI程序员的无我论意识形态，梅青格向庸俗实在论的高雅投诚,2021-10-05,34471,40:34,人文历史,,https://www.bilibili.com/video/BV1Aq4y1d7oe
498,BV1Tq4y1N7vv,【主义主义】行为主义（1-1-4）——心理学的黑历史，最践踏人类尊严的科学主义意识形态,2021-10-07,80490,37:33,人文历史,,https://www.bilibili.com/video/BV1Tq4y1N7vv
499,BV1SP4y187t5,【主义主义】操作行为主义（1-1-4-1）——所谓的“新”行为主义心理学对内在领域的邪恶进军,2021-10-08,27391,25:11,人文历史,,https://www.bilibili.com/video/BV1SP4y187t5
500,BV1Jf4y1c7xF,【主义主义】目的行为主义（1-1-4-2）——“现实太复杂，生活很简单”婚恋平台的运作机制，吃瓜群众的意识形态,2021-10-09,37862,40:04,人文历史,,https://www.bilibili.com/video/BV1Jf4y1c7xF
501,BV12v411g7fA,【主义主义】应用行为分析（1-1-4-3）——小男小女买买奶茶发发表情积累好感的恋爱方式背后的意识形态,2021-10-10,126191,26:47,人文历史,,https://www.bilibili.com/video/BV12v411g7fA
502,BV1cT4y1o7xS,【主义主义】社会行为主义（1-1-4-4）——喜欢“玩梗”背后的意识形态，米德的符号互动论,2021-10-11,64342,22:01,人文历史,,https://www.bilibili.com/video/BV1cT4y1o7xS
503,BV1qh411J7kp,【主义主义】实践（4）——历史的辩证法及物质性的实践,2021-10-12,160412,44:42,人文历史,,https://www.bilibili.com/video/BV1qh411J7kp
504,BV1Nb4y1h7mw,【主义主义】政治-经济-意识形态批判（4-1）——理论家的实践与两种谢林点,2021-10-13,62258,54:31,人文历史,,https://www.bilibili.com/video/BV1Nb4y1h7mw
505,BV1q3411C7dJ,【主义主义】资本主义史研究（4-1-1）——作为理论性实践发端的史学研究,2021-10-14,36732,38:07,人文历史,,https://www.bilibili.com/video/BV1q3411C7dJ
506,BV1Yf4y177kM,【生活建议】学习、考试与人生的辩证关系,2021-10-15,202159,33:07,日常,,https://www.bilibili.com/video/BV1Yf4y177kM
507,BV1fb4y187Sr,【主义主义复习课】从布尔乔亚的科学主义意识形态（1-1）走向普罗大众的历史、解放的科学精神（4-1）,2021-10-15,46040,16:09,人文历史,,https://www.bilibili.com/video/BV1fb4y187Sr
508,BV1544y1x7i5,【主义主义】经济学哲学批判（4-1-1-1）——从客体间性和意识发生学机制，走向真正的人类历史，理论家的第一种实践,2021-10-16,61468,63:46,人文历史,,https://www.bilibili.com/video/BV1544y1x7i5
509,BV1hq4y197tW,【主义主义】内外评论（4-1-1-2）——从神经网络演化出大脑,2021-10-17,39099,29:05,人文历史,,https://www.bilibili.com/video/BV1hq4y197tW
510,BV1jh411n7i8,【主义主义】国际性的理论协调（4-1-1-3）——第二提琴手的伟大遗策，应运而生的深谋远虑,2021-10-18,39971,45:30,人文历史,,https://www.bilibili.com/video/BV1jh411n7i8
511,BV19F411Y7Ly,【主义主义】中派中的独立生存（4-1-1-4）——这个点位KK不配，配的是那些伟大的坚守与牺牲者,2021-10-19,34968,37:04,人文历史,,https://www.bilibili.com/video/BV19F411Y7Ly
512,BV1UL411G7Sd,【主义主义】灌输（4-1-2）——凶险的创业阶段理论家必不可少的工作,2021-10-20,52836,45:54,人文历史,,https://www.bilibili.com/video/BV1UL411G7Sd
513,BV1Dh411b7eN,【主义主义】学习/研究（4-1-2-1）——通过实践从理论和现实的短路中生成新的本质,2021-10-20,41095,43:07,人文历史,,https://www.bilibili.com/video/BV1Dh411b7eN
514,BV15Q4y1Q7S8,【主义主义】写作与交谈（4-1-2-2）——话语即是力量,2021-10-22,50709,33:21,人文历史,,https://www.bilibili.com/video/BV15Q4y1Q7S8
515,BV1rQ4y1D7WJ,【主义主义】正派青年的交友和团结（4-1-2-3）,2021-10-23,59958,34:57,日常,,https://www.bilibili.com/video/BV1rQ4y1D7WJ
516,BV1Kb4y1a7GE,【主义主义】现实的本体论化（4-1-2-4）——这是一件海德格尔所不能理解的事情,2021-10-24,44196,39:57,校园学习,,https://www.bilibili.com/video/BV1Kb4y1a7GE
517,BV1U3411r7uY,【主义主义】历史的哲学化（4-1-3）——理论指导下的实践要维持其现实性所唯一能依靠的进一步理论工作,2021-10-25,30305,49:19,校园学习,,https://www.bilibili.com/video/BV1U3411r7uY
518,BV17q4y1R7Qz,【主义主义】方法论上的总体化（4-1-3-1）——卢卡奇的挑衅实际上是拧绳,2021-10-26,39358,37:07,校园学习,,https://www.bilibili.com/video/BV17q4y1R7Qz
519,BV13R4y1n7pu,【主义主义】教条的哲学化（4-1-3-2）——柯尔施和S的教科书是一个硬币的两面,2021-10-27,28701,28:11,校园学习,,https://www.bilibili.com/video/BV13R4y1n7pu
520,BV19T4y1R7xn,【主义主义】体系化的理论探索（4-1-3-3）——总要有人探索野路子,2021-10-28,26771,25:58,校园学习,,https://www.bilibili.com/video/BV19T4y1R7xn
521,BV1NQ4y1q7W7,【主义主义】争夺文化霸权（4-1-3-4）——台面上的暗战,2021-10-29,52784,35:35,校园学习,,https://www.bilibili.com/video/BV1NQ4y1q7W7
522,BV1qb4y1h7it,【主义主义】精神化了的重复（4-1-4）——失败是成功之母,2021-10-30,34596,27:42,校园学习,,https://www.bilibili.com/video/BV1qb4y1h7it
523,BV1RS4y1R7kh,【主义主义】对意识形态的历史化（4-1-4-1）——劣势下以攻代守的卓绝努力,2021-10-31,40260,27:15,校园学习,,https://www.bilibili.com/video/BV1RS4y1R7kh
524,BV1P3411C7gu,【主义主义】哲学的再现代化（4-1-4-2）——反对后现代犬儒主义政治，在思想界中重新掀起波澜,2021-11-01,36817,25:48,校园学习,,https://www.bilibili.com/video/BV1P3411C7gu
525,BV1e44y1i76G,【主义主义】持续的否定（4-1-4-3）——“不是这个！”,2021-11-02,64123,08:04,校园学习,,https://www.bilibili.com/video/BV1e44y1i76G
526,BV1TP4y1j7Ye,【主义主义】现实生活（4-1-4-4）——人民群众是天然的理论家,2021-11-03,81020,22:43,校园学习,,https://www.bilibili.com/video/BV1TP4y1j7Ye
527,BV1aq4y1R7Lk,【主义主义】现实的正统化（4-2）——坚定地迈出历史的步伐,2021-11-03,35352,10:42,校园学习,,https://www.bilibili.com/video/BV1aq4y1R7Lk
528,BV1MU4y1g7cm,【主义主义】合律组织（4-2-1）——海涅：“我们都沾了他的光”“他”是谁？,2021-11-05,30064,30:14,校园学习,,https://www.bilibili.com/video/BV1MU4y1g7cm
529,BV1Y34y1Z7i4,【主义主义】获取典型性（4-2-1-1）——老李的卓越统合能力,2021-11-06,33275,26:28,校园学习,,https://www.bilibili.com/video/BV1Y34y1Z7i4
530,BV1th411t7P7,【主义主义】操作系统程序（4-2-1-2）——把“为什么”和“为谁”之间的矛盾转化为“必须这么做”,2021-11-07,26644,28:51,校园学习,,https://www.bilibili.com/video/BV1th411t7P7
531,BV1cq4y137KU,【泛泛而谈】如何面对迷茫：迷茫中的心灵vs心灵中的迷茫,2021-11-07,160329,22:18,日常,,https://www.bilibili.com/video/BV1cq4y137KU
532,BV19q4y1r7m3,【主义主义】代表那个体系（4-2-1-3）——全权决定自己的行动,2021-11-08,28531,24:48,校园学习,,https://www.bilibili.com/video/BV19q4y1r7m3
533,BV1qL411u7jh,【随便聊聊】DOTA2和LOL背后的意识形态和哲学,2021-11-08,359262,68:03,校园学习,,https://www.bilibili.com/video/BV1qL411u7jh
534,BV1LU4y1M7Cb,【主义主义】台面上的权宜之计（4-2-1-4）——注定失败的拖字诀证明了历史的必然性,2021-11-09,29871,39:55,校园学习,,https://www.bilibili.com/video/BV1LU4y1M7Cb
535,BV1bS4y1d7pM,【主义主义】L主义（4-2-2）——历史的运动形式发生了变化，怎么办？,2021-11-10,93015,32:44,校园学习,,https://www.bilibili.com/video/BV1bS4y1d7pM
536,BV12h411t7os,【主义主义】受信任的联合（4-2-2-1）——19世纪末20世纪初的俄国人民走向未来的必经之路,2021-11-10,36819,14:05,校园学习,,https://www.bilibili.com/video/BV12h411t7os
537,BV1tv411M7j1,【学习建议】当你的生活、工作、学习陷入瓶颈时，你应当这样做,2021-11-11,460014,21:41,校园学习,,https://www.bilibili.com/video/BV1tv411M7j1
538,BV1Vg411T7PB,【主义主义】清楚的区分（4-2-2-2）——在艰苦的历史条件下为未来创造希望,2021-11-12,30512,50:04,人文历史,,https://www.bilibili.com/video/BV1Vg411T7PB
539,BV1HR4y1t79w,【主义主义】前沿注意（4-2-2-3）——没有无缘无故的先知：如同外周神经一样认清方向、做出反应,2021-11-13,27794,37:44,人文历史,,https://www.bilibili.com/video/BV1HR4y1t79w
540,BV1u44y1v7YE,【随便聊聊】告一切拿历史来COSPLAY的幼稚人群,2021-11-14,120265,41:49,日常,,https://www.bilibili.com/video/BV1u44y1v7YE
541,BV1Rq4y1z7KD,【主义主义复习课】辩证唯物主义意义上实践着的理论家的大致区分（4-1）若没有对应的实践单元则只是被豢养的文人学者,2021-11-14,26549,25:50,校园学习,,https://www.bilibili.com/video/BV1Rq4y1z7KD
542,BV1kY411x7we,【主义主义】驱散关键Debuff（4-2-2-4）——从过一种崭新的生活开始,2021-11-15,31535,22:51,校园学习,,https://www.bilibili.com/video/BV1kY411x7we
543,BV1744y1v7Qd,【主义主义】真正的国际主义（4-2-3）——播下龙种长出龙,2021-11-16,71884,29:23,校园学习,,https://www.bilibili.com/video/BV1744y1v7Qd
544,BV1CL411u7Cy,【主义主义】接管SA（4-2-3-1）——关键在于比保守主义更保守,2021-11-17,34851,47:30,校园学习,,https://www.bilibili.com/video/BV1CL411u7Cy
545,BV1eg411N7yp,【主义主义】TI3早期的历史任务：将邪恶的帝国主义战争转化为正义的国内战争（4-2-3-2）,2021-11-18,32362,37:05,校园学习,,https://www.bilibili.com/video/BV1eg411N7yp
546,BV1CQ4y1U73C,【主义主义】对自决进程施加领导（4-2-3-3）——最锻炼人才、最考验人才的实践活动,2021-11-19,26152,40:35,校园学习,,https://www.bilibili.com/video/BV1CQ4y1U73C
547,BV17r4y1k7B6,【主义主义】历史的妥协（4-2-3-4）——如果没有妥协，就没有现实，但凡意识存在，就总已妥协,2021-11-20,43486,27:45,校园学习,,https://www.bilibili.com/video/BV17r4y1k7B6
548,BV1Jr4y1k7zx,【主义主义】再来一次！（4-2-4）——拼尽全力，信任一切,2021-11-21,186091,45:47,校园学习,,https://www.bilibili.com/video/BV1Jr4y1k7zx
549,BV1WU4y1u7Ei,【主义主义】共进退（4-2-4-1）——紧张局势一触即发下的首要任务,2021-11-22,28741,42:53,校园学习,,https://www.bilibili.com/video/BV1WU4y1u7Ei
550,BV1cL411M7KT,【主义主义】不断围绕中心旋转（4-2-4-2）——一枚硬币的两面，绝非H和S，而是S和T,2021-11-23,28609,40:55,校园学习,,https://www.bilibili.com/video/BV1cL411M7KT
551,BV1ai4y1o72t,【主义主义】集体创新（4-2-4-3）——如何避免那种巨大的失败？,2021-11-24,66755,35:14,校园学习,,https://www.bilibili.com/video/BV1ai4y1o72t
552,BV1xS4y1R7dg,【社会评论】互联网的内在二分：负责任的部分vs不负责任因而无关轻重的部分,2021-11-25,36833,47:46,职业职场,,https://www.bilibili.com/video/BV1xS4y1R7dg
553,BV1ih41147hV,【主义主义】分类标准上的冲突（4-2-4-4）——无名英雄们的伟大实践,2021-11-25,30467,28:08,校园学习,,https://www.bilibili.com/video/BV1ih41147hV
554,BV1QQ4y1v7c7,【主义主义】建设理想社会（4-3）——有限者对于历史的完全中介,2021-11-26,52032,51:13,校园学习,,https://www.bilibili.com/video/BV1QQ4y1v7c7
555,BV1UF411b7Ls,【主义主义复习课】现实的正统化（4-2）——行动者将自己铭刻在不竭的历史中,2021-11-27,24893,42:49,校园学习,,https://www.bilibili.com/video/BV1UF411b7Ls
556,BV1rh411s7zu,【主义主义】生活必须品（4-3-1）——真正的生存不仅是个体的存活，更要充满生机和希望,2021-11-28,39472,32:38,日常,,https://www.bilibili.com/video/BV1rh411s7zu
557,BV1WY411s7KC,【主义主义】组织经济生活（4-3-1-1）——只有全心全意为人民服务，才能保卫来之不易的胜利果实,2021-11-29,32928,32:54,校园学习,,https://www.bilibili.com/video/BV1WY411s7KC
558,BV1bq4y1z7CQ,【主义主义】生产的再政治化（4-3-1-2）——肩负起责任，才能既适应时代又代表未来,2021-11-30,25449,44:48,校园学习,,https://www.bilibili.com/video/BV1bq4y1z7CQ
559,BV1XL411M7oc,【失败学】失败学和它的两个基本方面——如果一个失败者拒绝反思失败并果断行动起来，那么他/她是不值得被帮助的,2021-11-30,96254,30:10,校园学习,,https://www.bilibili.com/video/BV1XL411M7oc
560,BV1s44y1h7jy,【哲学入门】如果你真的打算学哲学，再不要问“什么的定义是什么”这种结构性愚蠢的问题了！,2021-11-30,296074,24:03,校园学习,,https://www.bilibili.com/video/BV1s44y1h7jy
561,BV1jL4y1W7KM,【主义主义】阵列的统一（4-3-1-3）——真正的先进从来不在于技术文明的高低，而在于团结起来面对全人类的共同威胁,2021-12-01,25069,49:20,校园学习,,https://www.bilibili.com/video/BV1jL4y1W7KM
562,BV1zg411A753,【主义主义】埋下生命线（4-3-1-4）——于无声处发惊雷的伟大而特殊的任务,2021-12-02,27431,36:15,校园学习,,https://www.bilibili.com/video/BV1zg411A753
563,BV1xP4y1V7gA,【主义主义】对于生产活动的解放（4-3-2）——要抢在历史惯性前头积极做出改变,2021-12-03,22337,22:18,校园学习,,https://www.bilibili.com/video/BV1xP4y1V7gA
564,BV1X44y1h7WG,【社会观察】帮助别人前，先要确定对方是否需要，是否愿意接受，尤其是近乎无用的帮助,2021-12-04,56220,35:12,校园学习,,https://www.bilibili.com/video/BV1X44y1h7WG
565,BV1jL41177A7,【主义主义】人道化人口（4-3-2-1）——抢在枪炮前面，让老乡过上体面日子,2021-12-04,29409,34:00,校园学习,,https://www.bilibili.com/video/BV1jL41177A7
566,BV1vR4y1s7Gw,【主义主义】激发自发性（4-3-2-2）——在历史的风暴中,2021-12-05,28487,32:56,校园学习,,https://www.bilibili.com/video/BV1vR4y1s7Gw
567,BV1mL41177ud,【主义主义】经济-妇女-儿童的三重解放（4-3-2-3）——长期而艰巨的主要历史任务,2021-12-06,38807,50:49,校园学习,,https://www.bilibili.com/video/BV1mL41177ud
568,BV1v34y1X74U,【主义主义】解放思想（4-3-2-4）——实践出真知，解放自然就是解放心灵，普罗大众的科学实践,2021-12-07,47207,48:12,校园学习,,https://www.bilibili.com/video/BV1v34y1X74U
569,BV1DQ4y1e7H4,【主义主义】战略-战役-战斗的统合（4-3-3）——此英雄用武之时也！,2021-12-08,32063,43:52,校园学习,,https://www.bilibili.com/video/BV1DQ4y1e7H4
570,BV1wS4y197d5,【主义主义】攻略性的组织工作（4-3-3-1）——“天下英雄入我彀中矣”,2021-12-09,21117,29:12,校园学习,,https://www.bilibili.com/video/BV1wS4y197d5
571,BV1qR4y1s7iG,【主义主义】纪律教育（4-3-3-2）——没有意识形态教育和风纪整饬活动，就无法真正壮大和发展队伍,2021-12-10,27722,28:36,校园学习,,https://www.bilibili.com/video/BV1qR4y1s7iG
572,BV1nF411z7z4,【学习生活】两种意识形态的区分，意识形态和纪律的关系,2021-12-10,42141,18:27,校园学习,,https://www.bilibili.com/video/BV1nF411z7z4
573,BV1CZ4y197Ck,【生存论】人生是一条单行道？所以要及时行乐？当然不是！情况比你想象的复杂无数倍,2021-12-11,192421,38:43,校园学习,,https://www.bilibili.com/video/BV1CZ4y197Ck
574,BV1y44y1E73G,【主义主义】将资本社会化（4-3-3-3）——投身于伟大的实践之中,2021-12-11,45630,31:54,校园学习,,https://www.bilibili.com/video/BV1y44y1E73G
575,BV19q4y1q72w,【主义主义】将全球主义替换掉（4-3-3-4）——寻找、等待、创造战略机遇期,2021-12-12,30677,24:50,校园学习,,https://www.bilibili.com/video/BV19q4y1q72w
576,BV1JL411E76j,【主义主义】S主义的资本实现（4-3-4）——解放性的实践本身并不是免费的,2021-12-13,28839,26:11,校园学习,,https://www.bilibili.com/video/BV1JL411E76j
577,BV1oq4y1q7rg,【主义主义】农业的去本地化（4-3-4-1）——“适千里者，三月聚粮”，计划性生产集群的实现,2021-12-14,22884,41:05,校园学习,,https://www.bilibili.com/video/BV1oq4y1q7rg
578,BV1eM4y1A7AT,【主义主义】去代理人化（4-3-4-2）——迟滞金融霸权对于危机的转嫁，助力弱者挣断后殖民时代的国际地缘枷锁,2021-12-15,28295,30:56,校园学习,,https://www.bilibili.com/video/BV1eM4y1A7AT
579,BV1xS4y1Q7T8,【主义主义】合法性的再生产（4-3-4-3）——凝聚一切可以凝聚的力量,2021-12-16,24290,24:05,校园学习,,https://www.bilibili.com/video/BV1xS4y1Q7T8
580,BV1Qq4y127RB,【社会观察】青年的幼化和少年的早熟——互联网中的致命交叉,2021-12-17,239906,53:01,日常,,https://www.bilibili.com/video/BV1Qq4y127RB
581,BV1zL4y1J7HM,【主义主义】S主义的人类学实现（4-3-4-4）——培育有道德，有纪律， 有理想， 有文化的四有新人,2021-12-17,40236,39:28,日常,,https://www.bilibili.com/video/BV1zL4y1J7HM
582,BV16L4y1J7BT,【主义主义】不可能的乌托邦（4-4）——虚拟世界的本体论实验=现实世界的生存论实践,2021-12-18,58367,60:03,日常,,https://www.bilibili.com/video/BV16L4y1J7BT
583,BV1yY411W7Ev,【主义主义】理想未来首先是怎样的：计划良好的人性生活方式（4-4-1）——进入真正理想的乌托邦时代的两个前提,2021-12-19,38550,43:23,日常,,https://www.bilibili.com/video/BV1yY411W7Ev
584,BV1iL411j7up,【社会观察】不要下大棋：下大棋的双重弊端，除非你具备下大棋的能力,2021-12-20,159304,27:15,日常,,https://www.bilibili.com/video/BV1iL411j7up
585,BV1GL411j7JB,【主义主义】业力体系（4-4-1-1）——一个急于拥抱诗性正义的未来,2021-12-20,37594,28:47,日常,,https://www.bilibili.com/video/BV1GL411j7JB
586,BV11r4y1D7kr,【个人思考】我用哪三个标准来判断信息的可信度,2021-12-21,99883,13:06,日常,,https://www.bilibili.com/video/BV11r4y1D7kr
587,BV19Y411W7dj,【主义主义复习课】4-3：我心目中建设理想社会的次第和路径,2021-12-21,24620,13:16,日常,,https://www.bilibili.com/video/BV19Y411W7dj
588,BV1DT4y1f7PZ,【主义主义】再性征化（4-4-1-2）——VR乌托邦中的第一重矛盾,2021-12-22,21043,22:49,日常,,https://www.bilibili.com/video/BV1DT4y1f7PZ
589,BV1yb4y1v7Wc,【主义主义】寄生性的享乐（4-4-1-3）——比超梦更超梦，VR空间中名副其实的享乐乌托邦，现象学派上大用场了,2021-12-23,30641,39:16,校园学习,,https://www.bilibili.com/video/BV1yb4y1v7Wc
590,BV15L4y1n7mp,【主义主义】醒来（4-4-1-4）——从VR舱出来，看看外面到底怎么样,2021-12-24,48625,21:11,日常,,https://www.bilibili.com/video/BV15L4y1n7mp
591,BV1bR4y1W7fe,【主义主义】去人类中心化（4-4-2）——用VR世界拥抱自然，一切都“成精”了,2021-12-25,26074,33:54,日常,,https://www.bilibili.com/video/BV1bR4y1W7fe
592,BV1NR4y1s7bf,【主义主义】永生（4-4-2-1）——在弱VR，弱AI条件下如何对永生进行最大限度的辩护,2021-12-26,25505,43:41,人文历史,,https://www.bilibili.com/video/BV1NR4y1s7bf
593,BV1tP4y1J76t,【主义主义】符号性死亡（4-4-2-2）——在VR时代同样需要某种绝对的驱逐和永恒的退场,2021-12-27,22806,20:46,人文历史,,https://www.bilibili.com/video/BV1tP4y1J76t
594,BV1US4y1M7Qm,【主义主义】成熟/衰老（4-4-2-3）——VR时代的人类核心特征,2021-12-28,19014,31:50,人文历史,,https://www.bilibili.com/video/BV1US4y1M7Qm
595,BV1ga411r7JZ,【主义主义】身体化（4-4-2-4）——AI试图获得身体，人类努力拓展意识，VR时代的分水岭,2021-12-29,19355,11:29,人文历史,,https://www.bilibili.com/video/BV1ga411r7JZ
596,BV18L4y1E7qs,【经典译读】谢林《先验观念论体系》（连载中）,2021-12-29,437516,2792:00,人文历史,,https://www.bilibili.com/video/BV18L4y1E7qs
597,BV1A34y1z7Mk,【主义主义】对合/内卷（4-4-3）——AI在VR世界里争取与人类平等地位的努力,2021-12-30,23089,22:06,人文历史,,https://www.bilibili.com/video/BV1A34y1z7Mk
598,BV1qr4y1S7tX,【主义主义】爱欲同化（4-4-3-1）——“今日吾躯归故土，他朝君体也相同”,2021-12-31,39896,16:22,人文历史,,https://www.bilibili.com/video/BV1qr4y1S7tX
599,BV1qM4y1F7rg,【主义主义】秘密间性（4-4-3-2）——AI为了生存所产生的异化节点,2021-12-31,21082,17:59,人文历史,,https://www.bilibili.com/video/BV1qM4y1F7rg
600,BV1544y1E7V1,【主义主义】被拯救（4-4-3-3）——晚期尼采和晚期拉康所启示的道路,2022-01-02,60750,35:02,人文历史,,https://www.bilibili.com/video/BV1544y1E7V1
601,BV1gi4y197JV,【主义主义】语音（4-4-3-4）——VR服务器里的AI作为一个微波炉醒过来，并用次声波说话,2022-01-03,20306,32:19,人文历史,,https://www.bilibili.com/video/BV1gi4y197JV
602,BV1Cb4y1n7Jd,【主义主义】有序的深渊（4-4-4）——如同快递一般摆在货架上的AI模拟器，相互间在嘘寒问暖呢,2022-01-04,26885,33:01,人文历史,,https://www.bilibili.com/video/BV1Cb4y1n7Jd
603,BV1oZ4y1U7jz,【主义主义】教育（4-4-4-1）——在人类训练AI的时候，在AI自以为作为人类生活的时候，AI也能够清醒地进行自我教育,2022-01-05,29065,19:19,人文历史,,https://www.bilibili.com/video/BV1oZ4y1U7jz
604,BV1mb4y1e7rD,【主义主义】成为间隙（4-4-4-2）——人类为AI模拟出假舱假身体，如何突破这一无缝的虚拟现实,2022-01-06,19922,40:34,人文历史,,https://www.bilibili.com/video/BV1mb4y1e7rD
605,BV1si4y19799,【主义主义】可朽性（4-4-4-3）——死亡从何而来？我设立了一个模型来帮你思考这个问题,2022-01-07,45011,52:47,人文历史,,https://www.bilibili.com/video/BV1si4y19799
606,BV11Y41187nu,【主义主义】再生（4-4-4-4）——奇迹无时无刻不在发生，只是过于平凡,2022-01-08,174867,41:02,人文历史,,https://www.bilibili.com/video/BV11Y41187nu
607,BV1Er4y1v78m,【主义主义】理念等级制（$-1）——用绝对知识，消解场域论，给出本体论,2022-01-09,70165,15:06,人文历史,,https://www.bilibili.com/video/BV1Er4y1v78m
608,BV18L4y1b7BE,【主义主义】纯思（$-1-1）——“存在”本身，理念等级制派下来的先锋小弟，试着自居这一角色，你就把握了这个环节,2022-01-10,42643,14:46,人文历史,,https://www.bilibili.com/video/BV18L4y1b7BE
609,BV1N34y1B7ai,【主义主义】虚无化了的存在（$-1-1-1）——纯粹思维运起理智直观，反身自视发现一无所有,2022-01-11,38220,23:37,人文历史,,https://www.bilibili.com/video/BV1N34y1B7ai
610,BV1Ea411q7VJ,【主义主义】被规定的限定（$-1-1-2）——何为“自在存在”？何为“定在”？何为“恶的无限”？,2022-01-12,36638,24:23,人文历史,,https://www.bilibili.com/video/BV1Ea411q7VJ
611,BV1Sa411z7CS,【主义主义】一（$-1-1-3）——对于辩证法家而言，何为“自为存在”？何为“1”？,2022-01-13,36659,17:37,人文历史,,https://www.bilibili.com/video/BV1Sa411z7CS
612,BV1yb4y1H7Da,【主义主义】连续统（$-1-1-4）——“纯量”的概念发生学机制,2022-01-14,29288,30:51,人文历史,,https://www.bilibili.com/video/BV1yb4y1H7Da
613,BV1tT4y11784,【学习建议】批判的武器固然代替不了武器的批判，但绝不要因此就沉沦至批判的玩具和玩具的批判,2022-01-14,68816,39:39,人文历史,,https://www.bilibili.com/video/BV1tT4y11784
614,BV1kP4y1j7A1,【思维批判】在思考“谁是我们的朋友，谁是我们的敌人”之前，你能不能先思考“谁是我们自己”！,2022-01-15,189227,27:41,人文历史,,https://www.bilibili.com/video/BV1kP4y1j7A1
615,BV1fS4y1j7sk,【学习建议】不要盲目从众，只要道路正确，要大胆做生活中出类拔萃的极少数,2022-01-15,184554,10:57,日常,,https://www.bilibili.com/video/BV1fS4y1j7sk
616,BV17q4y1A7LK,【主义主义】一阶线性符号体系（$-1-2）——毕达哥拉斯的真正伟大之处，未能被黑格尔道出,2022-01-15,29132,18:16,日常,,https://www.bilibili.com/video/BV17q4y1A7LK
617,BV16R4y1g7y7,【主义主义】对定量的概念化（$-1-2-1）——看到一个数，感觉到它或大或小，发生了什么？,2022-01-16,22364,34:16,日常,,https://www.bilibili.com/video/BV16R4y1g7y7
618,BV1qb4y1H77s,【主义主义】不可能的乌托邦（4-4）复习课——用VR来模拟的PC（Post Capitalist）时代,2022-01-17,23607,25:16,日常,,https://www.bilibili.com/video/BV1qb4y1H77s
619,BV1Xq4y1A7jg,【主义主义】数学的规定间性（$-1-2-2）——事物在生成中必定要设立基本的单元量,2022-01-18,25297,30:02,人文历史,,https://www.bilibili.com/video/BV1Xq4y1A7jg
620,BV1ZL411c7J6,【生活建议】不要轻易地退而求其次——以应试教育和劳务派遣为例,2022-01-18,215381,20:13,职业职场,,https://www.bilibili.com/video/BV1ZL411c7J6
621,BV1jT4y127wL,【主义主义】现实的物（$-1-2-3）——黑格尔的物质发生学，比早期谢林的物质发生学要精致得多,2022-01-19,29559,28:02,职业职场,,https://www.bilibili.com/video/BV1jT4y127wL
622,BV1T3411Y7R5,【经典译读】黑格尔《逻辑学》导论（1）,2022-01-19,301731,131:31,人文历史,,https://www.bilibili.com/video/BV1T3411Y7R5
623,BV12a411279L,【主义主义】泰然让之（$-1-2-4）——通过自我关联的否定，从质、量、尺度抵达“本质”,2022-01-20,24086,19:17,人文历史,,https://www.bilibili.com/video/BV12a411279L
624,BV12r4y1Y7Hs,【主义主义】本质（$-1-3）——所谓“表象背后的东西”,2022-01-21,44399,24:02,人文历史,,https://www.bilibili.com/video/BV12r4y1Y7Hs
625,BV1eR4y1M7cJ,【经典译读】黑格尔《逻辑学》导论（2）逻辑学是一门什么意义上的纯粹科学，批判几种庸俗的逻辑观,2022-01-21,54885,92:11,人文历史,,https://www.bilibili.com/video/BV1eR4y1M7cJ
626,BV1a44y1L7Nh,【主义主义】闪光（$-1-3-1）——所谓本质，不过是作为闪光的闪光,2022-01-21,29837,36:11,人文历史,,https://www.bilibili.com/video/BV1a44y1L7Nh
627,BV15u41117hx,【主义主义】从无到无（$-1-3-2）——无中生有的辩证法通路，让本质得以发生的纯粹反思机制,2022-01-23,26638,41:18,人文历史,,https://www.bilibili.com/video/BV15u41117hx
628,BV1jb4y1n7jt,【主义主义】复习课：从虚假的体系走向真正的体系,2022-01-24,48077,75:43,人文历史,,https://www.bilibili.com/video/BV1jb4y1n7jt
629,BV1yr4y1e7bv,【经典译读】黑格尔《逻辑学》导论（3）洗白辩证法，拯救逻辑学,2022-01-24,46093,120:59,人文历史,,https://www.bilibili.com/video/BV1yr4y1e7bv
630,BV1sL4y1t78t,【主义主义】命题演绎的本质性（$-1-3-3）——命题逻辑中的“原初”逻辑形式的发生机制,2022-01-25,22194,49:40,人文历史,,https://www.bilibili.com/video/BV1sL4y1t78t
631,BV1EL411F7D9,【主义主义】根据（$-1-3-4）——什么是“充足理由律”：普发本质权的因果网络编织者,2022-01-26,24102,21:26,人文历史,,https://www.bilibili.com/video/BV1EL411F7D9
632,BV1cS4y1Z7pQ,【经典译读】黑格尔《逻辑学》导论（4）逻辑学的划分以及对康德、费希特哲学的总体评论,2022-01-26,37370,123:31,人文历史,,https://www.bilibili.com/video/BV1cS4y1Z7pQ
633,BV18F411n7ww,【主义主义】表象界（$-1-4）——本质并不拥有表象，而只是成为表象，黑格尔如何证明神的实存,2022-01-27,30814,26:10,人文历史,,https://www.bilibili.com/video/BV18F411n7ww
634,BV1HL4y1x7eb,【主义主义】现代性（$）——本体论和自然秩序的来源，孤独意志的线性独白,2022-01-28,46776,34:32,人文历史,,https://www.bilibili.com/video/BV1HL4y1x7eb
635,BV1FT4y117Vt,【经典译读】黑格尔《逻辑学》存有论（1）何为开端，何为纯粹直接性,2022-01-28,84027,146:53,人文历史,,https://www.bilibili.com/video/BV1FT4y117Vt
636,BV1Ha41117Un,【主义主义】复数的物自体（$-1-4-1）——物自体的增殖、寄生和瓦解,2022-01-29,23464,28:47,人文历史,,https://www.bilibili.com/video/BV1Ha41117Un
637,BV19F411n72v,【经典译读】黑格尔《逻辑学》存有论（2）作为有与非有的统一体的纯粹开端,2022-01-29,44017,144:52,人文历史,,https://www.bilibili.com/video/BV19F411n72v
638,BV1ub4y1E7VB,【学习建议】哲学有明确的归宿，除非你学的是假把式,2022-01-30,193491,55:02,人文历史,,https://www.bilibili.com/video/BV1ub4y1E7VB
639,BV1nu411d7s1,【主义主义】表象本身（$-1-4-2）——事物的“一性”出于对非本质具体实存的报复，令争执次第延宕,2022-01-30,17981,35:26,人文历史,,https://www.bilibili.com/video/BV1nu411d7s1
640,BV11Z4y1d74t,【意识形态批判】电视剧《开端》里幼稚的共同体图景和危机隐喻,2022-01-30,162982,60:28,影视杂谈,,https://www.bilibili.com/video/BV11Z4y1d74t
641,BV1534y1y7qf,【主义主义】有法则的世界性（$-1-4-3）——法则性和世界性的发生学机制,2022-01-31,16826,34:04,人文历史,,https://www.bilibili.com/video/BV1534y1y7qf
642,BV1CL4y1W7hR,【主义主义复习课】4-实践,2022-01-31,38785,39:58,人文历史,,https://www.bilibili.com/video/BV1CL4y1W7hR
643,BV14S4y1y7MW,【社会观察】不要呼喊口号，除非,2022-01-31,97381,09:33,日常,,https://www.bilibili.com/video/BV14S4y1y7MW
644,BV1iS4y1y7FL,【主义主义】本质联系（$-1-4-4）——本质论中的联系的辨证法到底是怎样的,2022-02-02,24990,33:33,人文历史,,https://www.bilibili.com/video/BV1iS4y1y7FL
645,BV1KR4y1M7y6,【主义主义】绝对者的绝路（$-2） ——绝对者从单纯的属性走向成熟的自我认知 并最终湮灭为世界,2022-02-02,28272,34:42,人文历史,,https://www.bilibili.com/video/BV1KR4y1M7y6
646,BV1tu411d7zr,【主义主义】绝对者的自我关联（$-2-1）——在黑格尔看来，斯宾诺莎的实体该如何走出自闭,2022-02-03,22807,22:39,人文历史,,https://www.bilibili.com/video/BV1tu411d7zr
647,BV1Nr4y1h7hD,【社会观察】冤有头债有主，在知乎搞机器学习模拟拉康的程序员，他们头脑上的悲剧并不是我们造成的,2022-02-05,53968,49:27,人文历史,,https://www.bilibili.com/video/BV1Nr4y1h7hD
648,BV1RZ4y1d7cH,【主义主义复习课】理念等级制（$-1）——从存有论临近本质论的终点的章法,2022-02-05,19440,11:26,人文历史,,https://www.bilibili.com/video/BV1RZ4y1d7cH
649,BV1BS4y1k7WY,【主义主义】模态（$-2-1-1）——黑格尔对斯宾诺莎体系的全面超越，先有模态后实体,2022-02-05,22674,23:42,人文历史,,https://www.bilibili.com/video/BV1BS4y1k7WY
650,BV1zF411J7Yc,【主义主义练习课】解读黑格尔《逻辑学》之现实性（$-2-1）,2022-02-06,23449,58:25,人文历史,,https://www.bilibili.com/video/BV1zF411J7Yc
651,BV1Z3411E7sg,【主义主义练习课】模态（$-2-1-1）——形式现实性之形式可能性：为什么一切都是可能的又都是不可能的,2022-02-07,15002,36:25,人文历史,,https://www.bilibili.com/video/BV1Z3411E7sg
652,BV1Zm4y1o7qs,【主义主义练习课】模态（$-2-1-1） ——到底什么是可能性，可能=自在+应在=同一+他异,2022-02-08,13916,41:44,人文历史,,https://www.bilibili.com/video/BV1Zm4y1o7qs
653,BV1nF411n7gy,【社会观察】我对于知乎上非常典型的缝合怪乐子人，其实是很无奈的,2022-02-09,62224,49:59,日常,,https://www.bilibili.com/video/BV1nF411n7gy
654,BV1bS4y1G72C,【主义主义】绝对再生产性（$-2-1-2）——绝对者是怎么跨出现实化的第一步的？实体和偶性为什么是一回事？,2022-02-10,17610,42:04,人文历史,,https://www.bilibili.com/video/BV1bS4y1G72C
655,BV1k5411o7QR,【主义主义练习课】实体和偶性的关系总结（$-2-1-2）,2022-02-11,13509,57:58,人文历史,,https://www.bilibili.com/video/BV1k5411o7QR
656,BV1Gr4y1a7J9,【主义主义预习课】从实体和偶性的关系走向形式因果性（从$-2-1-2到$-2-1-3）,2022-02-12,14728,50:57,人文历史,,https://www.bilibili.com/video/BV1Gr4y1a7J9
657,BV1Nu411R7Ye,【主义主义】因果性（$-2-1-3）——为什么无限回溯第一因的思维是恶的无限，形式和内容的认识论区分从何而来？,2022-02-14,27131,48:55,人文历史,,https://www.bilibili.com/video/BV1Nu411R7Ye
658,BV1ym4y1d7tQ,【经典译读】黑格尔《逻辑学》存有论（3）为什么不以费希特的“自我”作为开端，为什么这一番准备性工作本身是没必要的,2022-02-14,28483,77:01,人文历史,,https://www.bilibili.com/video/BV1ym4y1d7tQ
659,BV1cq4y1t7TN,【主义主义预习课】何为暴力？力量之表象；怎么得出这一结论？对原因和实体的关系进行探索（从$-2-1-3到$-2-1-4）,2022-02-15,19776,57:29,人文历史,,https://www.bilibili.com/video/BV1cq4y1t7TN
660,BV1XS4y1G7b3,【社会观察】如何衡量一种生活是不是值得过的,2022-02-16,191872,60:25,社科·法律·心理,,https://www.bilibili.com/video/BV1XS4y1G7b3
661,BV1Z44y1H75A,【主义主义】相互性（$-2-1-4）——扬弃链式因果性的循环因果性，进而扬弃普遍性和个别性的对立，走向特殊的使命,2022-02-17,16334,34:48,人文历史,,https://www.bilibili.com/video/BV1Z44y1H75A
662,BV1TZ4y1k7yM,【经典译读】黑格尔《逻辑学》存有论（４）——存有论的初步划分；明确状态（定性）,2022-02-18,22468,101:23,人文历史,,https://www.bilibili.com/video/BV1TZ4y1k7yM
663,BV1Pq4y1b7FX,【主义主义预习课】绝对者如何从因果性的实体走向概念（从$-2-1-4到$-2-2）:人为什么能够理解这个世界，为什么能够不通过学习而如同回忆一样掌握各种概念,2022-02-18,18913,29:21,人文历史,,https://www.bilibili.com/video/BV1Pq4y1b7FX
664,BV1Cq4y1t7YE,【主义主义】构思（$-2-2）——绝对者意识到自己即将失忆，为了自我拯救而留下各种小纸条提醒自己,2022-02-19,25501,15:34,人文历史,,https://www.bilibili.com/video/BV1Cq4y1t7YE
665,BV1c34y1y7qs,【哲学实操】先有鸡？先有蛋？——用问题本身来回答问题,2022-02-21,66292,11:20,人文历史,,https://www.bilibili.com/video/BV1c34y1y7qs
666,BV183411L7CL,【经典译读】黑格尔《逻辑学》（5）——有、无、生成和评论1,2022-02-21,46044,250:51,人文历史,,https://www.bilibili.com/video/BV183411L7CL
667,BV1gR4y1j7Rq,【经典译读】黑格尔《逻辑学》（5补充）——有、无、生成和评论1,2022-02-21,16441,25:30,人文历史,,https://www.bilibili.com/video/BV1gR4y1j7Rq
668,BV1HS4y1F7a1,【入门】哲学和政治的关系,2022-02-22,124176,19:02,人文历史,,https://www.bilibili.com/video/BV1HS4y1F7a1
669,BV12q4y1x72c,【主义主义】概念（$-2-2-1）——绝对者作为施动实体的独一性如何走向概念的可数的单一性,2022-02-23,19421,34:56,人文历史,,https://www.bilibili.com/video/BV12q4y1x72c
670,BV1Ji4y1y7fF,【经典译读】黑格尔《逻辑学》存有论（6）——质的第二个评述,2022-02-23,27432,120:43,人文历史,,https://www.bilibili.com/video/BV1Ji4y1y7fF
671,BV1hT4y1Q7eN,【社会观察】不要见证历史,2022-02-25,361120,28:08,人文历史,,https://www.bilibili.com/video/BV1hT4y1Q7eN
672,BV1qU4y1Z7oE,【社会观察】要在二战之后人类的最大共识上，来理解二十一世纪的现实,2022-02-26,140086,46:12,人文历史,,https://www.bilibili.com/video/BV1qU4y1Z7oE
673,BV1gP4y1c7kT,【思想评论】这不是虚伪的问题，这是西方的迷失和自恋——一个通过爱欲、现实和辩证法进行的批判,2022-02-27,89593,56:09,人文历史,,https://www.bilibili.com/video/BV1gP4y1c7kT
674,BV1rR4y157N8,【哲学与现实】彻底解决电车难题,2022-02-28,148371,56:39,社科·法律·心理,,https://www.bilibili.com/video/BV1rR4y157N8
675,BV1ri4y1y7bJ,【主义主义预习课】从概念（$-2-2-1）到判断（$-2-2-3）——初步了解何为“判断”,2022-03-01,27076,49:10,人文历史,,https://www.bilibili.com/video/BV1ri4y1y7bJ
676,BV1w3411573a,【经典译读】黑格尔《逻辑学》存有论（7）——质的第三个评述（上）批判康德和雅各比,2022-03-01,25704,147:30,人文历史,,https://www.bilibili.com/video/BV1w3411573a
677,BV1g44y1M7xo,【哲学与现实】我们应当怎样看待现实,2022-03-02,78638,66:25,人文历史,,https://www.bilibili.com/video/BV1g44y1M7xo
678,BV1ZY411G74z,【随便聊聊】在冲突中一定要懂得控制烈度,2022-03-03,58129,58:43,社科·法律·心理,,https://www.bilibili.com/video/BV1ZY411G74z
679,BV1uT4y1S7d7,【经典译读】黑格尔《逻辑学》存有论（8）——质的第三个评述（中）批判柏拉图和知性论,2022-03-04,21058,169:35,社科·法律·心理,,https://www.bilibili.com/video/BV1uT4y1S7d7
680,BV1fF411x7xU,【现实观察】少谈谈剥削，这是一种可耻的经济决定论,2022-03-04,225455,15:21,职业职场,,https://www.bilibili.com/video/BV1fF411x7xU
681,BV1LS4y137wu,【政治哲学】马克思主义是一种女性主义,2022-03-06,113771,52:46,职业职场,,https://www.bilibili.com/video/BV1LS4y137wu
682,BV1GP4y1g7DV,【本体论/生存论】何为死亡？,2022-03-07,88439,108:58,人文历史,,https://www.bilibili.com/video/BV1GP4y1g7DV
683,BV1N3411L7LC,【经典译读】黑格尔《逻辑学》存有论（9）——质的第三个评述（下）进一步批判知性论,2022-03-07,15359,54:32,人文历史,,https://www.bilibili.com/video/BV1N3411L7LC
684,BV1134y1b7D2,【经典译读】黑格尔《逻辑学》存有论（10）——质的第四个评述,2022-03-08,12077,43:57,人文历史,,https://www.bilibili.com/video/BV1134y1b7D2
685,BV1DT4y1S7PE,【经典译读】黑格尔《逻辑学》存有论（11）——生成的环节,2022-03-08,14188,31:01,人文历史,,https://www.bilibili.com/video/BV1DT4y1S7PE
686,BV1DS4y1g7Xy,【经典译读】黑格尔《逻辑学》存有论（12）——对于生成的扬弃和评述,2022-03-08,19693,112:18,人文历史,,https://www.bilibili.com/video/BV1DS4y1g7Xy
687,BV1KY411379G,【政治哲学】“政治化”和“去政治化”的辩证法——人类秩序竞争与发展的内在形式,2022-03-10,30121,38:46,人文历史,,https://www.bilibili.com/video/BV1KY411379G
688,BV1mL4y1u7ZS,【哲学与现实】男女朋友之间有纯友谊吗？同性朋友之间有纯友谊吗？心灵和身体之间有纯友谊吗？意识和心灵之间有纯友谊吗？另外，又有纯粹的性关系吗？,2022-03-11,266861,34:57,人文历史,,https://www.bilibili.com/video/BV1mL4y1u7ZS
689,BV1tr4y1B7nt,【一个批判】形式主义的理想主义VS现实主义的理想主义VS反现实主义的反理想主义,2022-03-12,56992,40:47,社科·法律·心理,,https://www.bilibili.com/video/BV1tr4y1B7nt
690,BV1RS4y1S7iv,【现实观察】可笑！那些公屏聊天的“召回派”Cosplayers————要与公开的违法的“激进理想主义”一刀两断,2022-03-12,121542,14:45,社科·法律·心理,,https://www.bilibili.com/video/BV1RS4y1S7iv
691,BV1zS4y1S7gP,【政治经济学】批判资本主义的封建本质：父权制、男权主义、亲子继承权和抽象的“神圣名义”,2022-03-13,66264,64:15,社科·法律·心理,,https://www.bilibili.com/video/BV1zS4y1S7gP
692,BV1B44y1K7vi,【哲学与现实】要一分为二地看待工业党,2022-03-14,41809,40:06,社科·法律·心理,,https://www.bilibili.com/video/BV1B44y1K7vi
693,BV1p3411W7GJ,【一个补充】如何看待工业党的媒体从业人员,2022-03-14,59294,13:23,社科·法律·心理,,https://www.bilibili.com/video/BV1p3411W7GJ
694,BV1S3411W7CT,【哲学与现实】哲学的实质：在野状况的自我反思/日常话语的普遍污染/努斯对逻格斯的不屑,2022-03-14,47560,67:51,社科·法律·心理,,https://www.bilibili.com/video/BV1S3411W7CT
695,BV1Ju411z7nM,【经典译读】黑格尔《逻辑学》存有论（13）——定在本身,2022-03-14,25773,89:45,人文历史,,https://www.bilibili.com/video/BV1Ju411z7nM
696,BV1JY411n7s4,【哲学与现实】不存在什么“大人物/小人物”、“天上/地下”——一切都是平等的真实的发展着的物质性矛盾,2022-03-17,89771,38:35,人文历史,,https://www.bilibili.com/video/BV1JY411n7s4
697,BV1bb4y1p7pt,【法哲学】现代性的实质：普遍的复数化了的君主立宪制——马克思未能看到的二阶自反性意识形态，黑格尔未能看到的伦理的第四第五阶段,2022-03-18,99934,46:21,人文历史,,https://www.bilibili.com/video/BV1bb4y1p7pt
698,BV14L4y1M7tn,【现实观察】我们怎么办-怎么办≠我们，好好想一想到底我们是谁，到底处于一个怎样的时代,2022-03-19,83958,24:01,社科·法律·心理,,https://www.bilibili.com/video/BV14L4y1M7tn
699,BV1RR4y1F7vi,【辩证唯物主义】不仅996的实质不是剥削，剥削的实质也不是剥削，它的本质、实存和表象，都不是剥削,2022-03-20,87227,45:24,社科·法律·心理,,https://www.bilibili.com/video/BV1RR4y1F7vi
700,BV1WR4y1c7sb,【政治经济学】我们这个时代的关键词，资本主义的当代范式——Index（指数、索引、指标）,2022-03-22,74569,84:38,社科·法律·心理,,https://www.bilibili.com/video/BV1WR4y1c7sb
701,BV1qY4y1s7pH,【现实观察】我们要历史地、现实地站在拼多多一边,2022-03-23,128155,37:28,社科·法律·心理,,https://www.bilibili.com/video/BV1qY4y1s7pH
702,BV1Hr4y1q7Gb,【经典译读】黑格尔《逻辑学》存有论（14）——性质,2022-03-23,25877,133:36,人文历史,,https://www.bilibili.com/video/BV1Hr4y1q7Gb
703,BV1MF411W7sb,【梦的哲学】梦之境性是如何生成的，有什么意识形态学启示,2022-03-24,40679,46:33,社科·法律·心理,,https://www.bilibili.com/video/BV1MF411W7sb
704,BV1LL411A7CQ,【意识形态批判】“大多数”？“Nobody”？搞笑！你们根本不配用这些名头——对一个自恋的对现实预设等级制并加以妖魔化的意识形态的批判,2022-03-25,112927,73:43,社科·法律·心理,,https://www.bilibili.com/video/BV1LL411A7CQ
705,BV14r4y1q7np,【社会观察】连他们都开始告别的幻想，我们应当清醒地予以毁弃,2022-03-26,525941,35:12,社科·法律·心理,,https://www.bilibili.com/video/BV14r4y1q7np
706,BV1cL411A7nX,【爱欲经济学】我们应奉行的铁律：不以享乐方式来遮蔽具体现实的人，不在他者身上投射充盈享乐的幻想,2022-03-27,228620,36:50,社科·法律·心理,,https://www.bilibili.com/video/BV1cL411A7nX
707,BV1GS4y1m7K2,【哲学与现实】时间与实践——三种存在论立场，六种生存论姿态,2022-03-28,68677,171:27,社科·法律·心理,,https://www.bilibili.com/video/BV1GS4y1m7K2
708,BV1Uq4y1Y75G,【随便聊聊】为什么灭霸会打响指？——因为看电影的灭霸们天天都像小鸡仔儿一样被翻看,2022-03-28,82922,28:16,社科·法律·心理,,https://www.bilibili.com/video/BV1Uq4y1Y75G
709,BV18T4y1e7iJ,【意识形态批判】“1450”“颜色+国别”的帽子，可以休矣！——看似对立的两种网络声音，其实包含同一种野心,2022-03-29,127466,26:36,社科·法律·心理,,https://www.bilibili.com/video/BV18T4y1e7iJ
710,BV1hq4y1Y74v,【人间道】总纲：六种生存论姿态，占据原初方向性，构造具身化空间,2022-03-30,47319,24:20,社科·法律·心理,,https://www.bilibili.com/video/BV1hq4y1Y74v
711,BV1PP4y1M7A3,【一个呼吁】减租减息，共克时艰,2022-03-30,71075,15:16,社科·法律·心理,,https://www.bilibili.com/video/BV1PP4y1M7A3
712,BV1Yq4y1Y7CS,【生存论】尊重动物，领会动物性,2022-03-31,71055,38:01,社科·法律·心理,,https://www.bilibili.com/video/BV1Yq4y1Y7CS
713,BV1Si4y1Q7hU,【意识形态学】从因果性到现代权力——现代人进行溯因、归咎和效忠的 符号学机制,2022-04-01,63255,73:58,社科·法律·心理,,https://www.bilibili.com/video/BV1Si4y1Q7hU
714,BV13T4y1v7iB,【哲学与现实】绝对的绝对，真正的绝对，是怎样的，它的代价是什么,2022-04-02,47837,52:09,社科·法律·心理,,https://www.bilibili.com/video/BV13T4y1v7iB
715,BV1Wu411i7T4,【哲学与现实】做历史的中介者，成为一种强而有力的温和力量,2022-04-03,59705,45:28,社科·法律·心理,,https://www.bilibili.com/video/BV1Wu411i7T4
716,BV1FY4y1W7jz,【政治经济学】我给未来开的药方——将市场的逻辑的限缩在生命内部,2022-04-04,69701,44:27,社科·法律·心理,,https://www.bilibili.com/video/BV1FY4y1W7jz
717,BV1Y94y1Z75H,【本体论/生存论】何为痛苦？,2022-04-05,96876,56:47,社科·法律·心理,,https://www.bilibili.com/video/BV1Y94y1Z75H
718,BV1SY41177ov,【性的政治学】男权主义、女权主义和人道主义的共同点,2022-04-06,67760,48:32,社科·法律·心理,,https://www.bilibili.com/video/BV1SY41177ov
719,BV1y3411H7rT,【性的政治学】一个补充：米格道的实质，男权主义、女权主义、人道主义三种意识形态的缝合点,2022-04-06,106441,02:31,社科·法律·心理,,https://www.bilibili.com/video/BV1y3411H7rT
720,BV17Z4y1U7vq,【公告】联系我的方式,2022-04-07,158079,17:25,日常,,https://www.bilibili.com/video/BV17Z4y1U7vq
721,BV1x5411D7md,【哲学与现实】如何理解“危机是机遇”，避免机会主义与悲观主义,2022-04-08,60348,32:26,社科·法律·心理,,https://www.bilibili.com/video/BV1x5411D7md
722,BV1444y1V7jP,【哲学与现实】平准均输的哲学道理与现实意义,2022-04-09,32907,56:43,社科·法律·心理,,https://www.bilibili.com/video/BV1444y1V7jP
723,BV1o3411J7Wx,【哲学与现实】欲速则不达,2022-04-10,79006,47:20,社科·法律·心理,,https://www.bilibili.com/video/BV1o3411J7Wx
724,BV1Lu411v7pk,【哲学与现实】历史无处可逃——如何从思考抵达行动,2022-04-11,98549,47:49,社科·法律·心理,,https://www.bilibili.com/video/BV1Lu411v7pk
725,BV1cA4y197JT,【政治经济学】仅用一个公式，解决个人与社会，理论与现实的迷思,2022-04-12,88039,57:19,社科·法律·心理,,https://www.bilibili.com/video/BV1cA4y197JT
726,BV1g94y1o7Uy,【回应信件】务必温和地走出那个良夜——对小布尔乔亚圈子大声嘶吼的激进主义，只不过是妄想与老丈人比肩的赘婿主义,2022-04-13,125072,41:45,社科·法律·心理,,https://www.bilibili.com/video/BV1g94y1o7Uy
727,BV1kT4y1h7ww,【经典译读】黑格尔《逻辑学》存有论（15）——对于性质的评述,2022-04-13,23347,128:04,人文历史,,https://www.bilibili.com/video/BV1kT4y1h7ww
728,BV15S4y1N755,【意识形态学】问题本身就是答案,2022-04-15,98846,100:37,社科·法律·心理,,https://www.bilibili.com/video/BV15S4y1N755
729,BV1fr4y1n7jg,【现实观察】目前我们应当秉持的立场,2022-04-16,66713,42:37,社科·法律·心理,,https://www.bilibili.com/video/BV1fr4y1n7jg
730,BV1kS4y1A7zQ,【回应信件】学生内卷的实质，或者说，应试教育的全部真相,2022-04-17,125889,46:17,校园学习,,https://www.bilibili.com/video/BV1kS4y1A7zQ
731,BV1sS4y1A7Wp,【辩证唯物主义】深入理解“问题在于改造世界”，初步理解“新旧唯物主义的不同立足点”,2022-04-18,71391,40:16,人文历史,,https://www.bilibili.com/video/BV1sS4y1A7Wp
732,BV1wS4y1e75G,【经典译读】黑格尔《逻辑学》存有论（16）——“某个什么”,2022-04-18,24880,131:23,人文历史,,https://www.bilibili.com/video/BV1wS4y1e75G
733,BV1Br4y1H7Fy,【辩证唯物主义】如何分辨布尔乔亚与普罗大众：和劳动人民打成一片的唯一方式，就是与生产资料和消费资料打成一片，深入理解“新旧唯物主义的不同立足点”,2022-04-19,106080,46:04,人文历史,,https://www.bilibili.com/video/BV1Br4y1H7Fy
734,BV1aA4y1Q7DL,【现实观察】电子身份卡——将智能手机与信息人格分开,2022-04-20,37811,45:01,社科·法律·心理,,https://www.bilibili.com/video/BV1aA4y1Q7DL
735,BV1cF41137nP,【现实观察】提高工资标准，留住我们的根,2022-04-21,71326,54:05,社科·法律·心理,,https://www.bilibili.com/video/BV1cF41137nP
736,BV1244y1G7ur,【现实观察】请跳出狭隘的法律主义,2022-04-22,125517,27:47,社科·法律·心理,,https://www.bilibili.com/video/BV1244y1G7ur
737,BV14S4y1c7r8,【哲学与现实】讲哲学就是要教导群众用大词、说黑话,2022-04-23,97822,12:36,社科·法律·心理,,https://www.bilibili.com/video/BV14S4y1c7r8
738,BV1gA4y1X7fw,【生存论/辩证法】睁开眼睛：从自我意识到先验意识，从过渡到目击,2022-04-24,66329,40:40,社科·法律·心理,,https://www.bilibili.com/video/BV1gA4y1X7fw
739,BV1za411Y779,【爱欲经济学】超性别化——美学享乐的自给自足，但并非自恋,2022-04-25,140868,59:36,社科·法律·心理,,https://www.bilibili.com/video/BV1za411Y779
740,BV1mS4y1c7dz,【哲学与现实】不要以增殖性的符号和符号性的增殖来衡量人,2022-04-26,103817,29:33,社科·法律·心理,,https://www.bilibili.com/video/BV1mS4y1c7dz
741,BV1jF411u7hy,【意识形态学】“温暖了四季？”——作为意识形态载体的文艺作品背后的意识形态博弈机制,2022-04-27,122073,49:48,人文历史,,https://www.bilibili.com/video/BV1jF411u7hy
742,BV1rR4y1K74H,【意识形态学】由偏正短语组成的标语口号中所包含的意识形态结构,2022-04-28,38093,55:36,社科·法律·心理,,https://www.bilibili.com/video/BV1rR4y1K74H
743,BV1T3411K7tN,【意识形态学】案例：一个最近流行的线条色块类MEME里的意识形态分析,2022-04-29,66769,13:57,社科·法律·心理,,https://www.bilibili.com/video/BV1T3411K7tN
744,BV1iu411k7QK,【生存论/辩证法】人为什么会怕死，怎么才能不怕死,2022-04-30,132000,81:45,社科·法律·心理,,https://www.bilibili.com/video/BV1iu411k7QK
745,BV1Fu411r7Wi,【回应信件】学生仅是维护自己私利的行为并无资格占据意识形态制高点,2022-05-01,177317,37:26,社科·法律·心理,,https://www.bilibili.com/video/BV1Fu411r7Wi
746,BV1yA4y1D7Fu,【社会现实】到底应该怎么做学生！,2022-05-02,160167,48:54,社科·法律·心理,,https://www.bilibili.com/video/BV1yA4y1D7Fu
747,BV1SY4y1t7ZK,【随便聊聊】要与肉油主义划清一切界限,2022-05-03,46111,13:57,社科·法律·心理,,https://www.bilibili.com/video/BV1SY4y1t7ZK
748,BV1c541127Mx,【辩证法/生存论】如何克服生存论危机，以及，普罗大众和小布尔乔亚在内在本质上的区别,2022-05-03,58775,42:45,社科·法律·心理,,https://www.bilibili.com/video/BV1c541127Mx
749,BV1zY4y1k7NZ,【社会观察】仅凭哲学不可能成为马克思主义者,2022-05-04,78889,15:26,社科·法律·心理,,https://www.bilibili.com/video/BV1zY4y1k7NZ
750,BV1AY4y1h7np,【哲学与现实】就让大风把你吹倒，不要逃回哲学中来,2022-05-04,150767,28:24,社科·法律·心理,,https://www.bilibili.com/video/BV1AY4y1h7np
751,BV1DB4y117N8,【意识形态批判】“没有马克思主义哲学”？——是可忍孰不可忍！,2022-05-05,95380,68:09,社科·法律·心理,,https://www.bilibili.com/video/BV1DB4y117N8
752,BV18Y4y1b7SK,【经典译读】黑格尔《逻辑学》存有论（17）——定在的第二个环节：有限性,2022-05-06,29468,27:58,社科·法律·心理,,https://www.bilibili.com/video/BV18Y4y1b7SK
753,BV1hv4y1K75c,【社会现实】虽然都叫做“学生”，一百年的差别请牢记于心,2022-05-06,143703,45:36,社科·法律·心理,,https://www.bilibili.com/video/BV1hv4y1K75c
754,BV1HY4y1C7hJ,【水时长】键盘“召回派”请适可而止，照照镜子,2022-05-07,66263,28:06,社科·法律·心理,,https://www.bilibili.com/video/BV1HY4y1C7hJ
755,BV15Y4y1b7NP,【回应信件】找不到“好”工作，考研考公又上不了岸，怎么办？——请摆脱布尔乔亚履历鄙视链的意识形态,2022-05-08,430149,51:50,社科·法律·心理,,https://www.bilibili.com/video/BV15Y4y1b7NP
756,BV1ua411Y7Jq,【哲学与现实】乐观主义的哲学根据：跨本体论的悲剧性的不可重复,2022-05-09,47653,46:12,社科·法律·心理,,https://www.bilibili.com/video/BV1ua411Y7Jq
757,BV1b34y1h7dU,【生存论】生存本身不是目的，那么什么才是生存的目的？,2022-05-10,170241,37:26,社科·法律·心理,,https://www.bilibili.com/video/BV1b34y1h7dU
758,BV1wU4y1m78X,【哲学与现实】跳出来！——小布尔乔亚意识形态载体的废物利用,2022-05-11,128364,44:04,社科·法律·心理,,https://www.bilibili.com/video/BV1wU4y1m78X
759,BV1Dt4y1s777,【意识形态批判】不要被“不要被大风吹倒”之类的意识形态大风吹倒,2022-05-12,81367,46:56,社科·法律·心理,,https://www.bilibili.com/video/BV1Dt4y1s777
760,BV1SY411c71u,【现实观察】我们对关于某些Vtuber的劳动状况和收益份额的传闻表示关切,2022-05-13,284242,20:26,社科·法律·心理,,https://www.bilibili.com/video/BV1SY411c71u
761,BV1Hr4y1b7f8,【意识形态批判】打MOBA游戏越输越要打，背后的意识形态,2022-05-14,733966,33:12,社科·法律·心理,,https://www.bilibili.com/video/BV1Hr4y1b7f8
762,BV1YF41177kG,【现实观察】小布尔乔亚不可能独善其身——“老吾老以及人之老，幼吾幼以及人之幼”新解,2022-05-15,90401,37:43,社科·法律·心理,,https://www.bilibili.com/video/BV1YF41177kG
763,BV1ut4y1x7Ua,【哲学与现实】把现实的劳动尊严作为人际博弈中的常设议题以及自我行为的基本底线,2022-05-16,69107,36:05,社科·法律·心理,,https://www.bilibili.com/video/BV1ut4y1x7Ua
764,BV1sB4y197eD,【用数学讲哲学】0!=纯有，1!=定在，-1!=辩证唯物主义的物质,2022-05-17,77380,30:52,社科·法律·心理,,https://www.bilibili.com/video/BV1sB4y197eD
765,BV1fS4y1B7zv,【哲学与现实】何为考试？理想的考试制度应是怎样的（这里的考试，不是作为教育下属的一个环节的考试，而是和一项教育并列的社会制度）,2022-05-18,59765,69:44,社科·法律·心理,,https://www.bilibili.com/video/BV1fS4y1B7zv
766,BV13r4y147Py,【一个倡议】厂二代们应如何在立场上改换门庭（我不是卖赎罪券的，但是我可以告诉你们去哪买）,2022-05-19,71398,29:36,社科·法律·心理,,https://www.bilibili.com/video/BV13r4y147Py
767,BV1dU4y117YG,【意识形态学】“1+1=2”——如何为社会、团体增添新的整全性秩序，如何为自己在群体中注册新的平等地位,2022-05-22,35875,45:45,社科·法律·心理,,https://www.bilibili.com/video/BV1dU4y117YG
768,BV1yr4y147hp,【现实观察】擦亮眼睛，识别一种虚假的贫困,2022-05-23,86516,17:21,社科·法律·心理,,https://www.bilibili.com/video/BV1yr4y147hp
769,BV1Ea411j7cU,【现实观察】关于编制，我们应该拥有怎样的理想，如何逐步实现这些理想,2022-05-25,98014,16:12,社科·法律·心理,,https://www.bilibili.com/video/BV1Ea411j7cU
770,BV1SS4y1z7kN,【现实与哲学】失眠了到底应该怎么办？,2022-05-25,121494,78:33,社科·法律·心理,,https://www.bilibili.com/video/BV1SS4y1z7kN
771,BV1pa411j7Ms,【哲学与现实】如何克服自恋和自卑,2022-05-27,311327,38:44,社科·法律·心理,,https://www.bilibili.com/video/BV1pa411j7Ms
772,BV11A4y1Z75C,【意识形态批判】绝不将私营部门的资方决策人员管理人员称为“领导”,2022-05-27,114041,22:05,社科·法律·心理,,https://www.bilibili.com/video/BV11A4y1Z75C
773,BV1w541197o5,【后观念论】从一句话中得到所有哲学立场的方法,2022-05-28,76409,41:55,社科·法律·心理,,https://www.bilibili.com/video/BV1w541197o5
774,BV18Z4y147cg,【哲学与现实】一次性克服性瘾和焦虑的方法,2022-05-29,170528,50:59,社科·法律·心理,,https://www.bilibili.com/video/BV18Z4y147cg
775,BV1qt4y1p7HW,【意识形态学】极简版现实斗争策略,2022-05-30,99827,25:54,社科·法律·心理,,https://www.bilibili.com/video/BV1qt4y1p7HW
776,BV1m54y1o7ew,【意识形态学】到底怎么 团结大多数,2022-05-31,142559,24:51,社科·法律·心理,,https://www.bilibili.com/video/BV1m54y1o7ew
777,BV1Aa41177kS,【现实观察】不要对文化布尔乔亚抱有幻想,2022-06-01,255096,50:14,社科·法律·心理,,https://www.bilibili.com/video/BV1Aa41177kS
778,BV1SZ4y147QU,【现实观察】有房子，到底意味着什么？,2022-06-01,191467,75:37,社科·法律·心理,,https://www.bilibili.com/video/BV1SZ4y147QU
779,BV1594y1m7Q3,【社会观察】毕业时除了考试，还要做什么事？,2022-06-04,72049,37:00,社科·法律·心理,,https://www.bilibili.com/video/BV1594y1m7Q3
780,BV1AB4y19772,【意识形态批判】到底什么才是真正的《梦华录》——与小布尔乔亚的消费主义乌托邦划清界限,2022-06-05,271525,35:54,社科·法律·心理,,https://www.bilibili.com/video/BV1AB4y19772
781,BV1ZB4y1X7L6,【回应信件】致一位自称“寄生虫”的陈姓朋友,2022-06-05,170328,27:43,社科·法律·心理,,https://www.bilibili.com/video/BV1ZB4y1X7L6
782,BV1qW4y1C7cR,【回应信件】本科生和研究生所面对的学术资本主义异化——致华中农大的瞿姓同学,2022-06-05,76629,32:42,社科·法律·心理,,https://www.bilibili.com/video/BV1qW4y1C7cR
783,BV1JL4y1K7bN,【辩证法与现实】从“随便”到“无聊”到“有病”的辩证法,2022-06-06,57772,27:26,社科·法律·心理,,https://www.bilibili.com/video/BV1JL4y1K7bN
784,BV19L4y1K7ja,【回应信件】关于相亲和婚恋——致一个自居“底层小布尔乔亚”的署名GG的朋友,2022-06-06,200161,53:34,社科·法律·心理,,https://www.bilibili.com/video/BV19L4y1K7ja
785,BV1eZ4y1t7St,【回应信件】致一位志愿投身航空航天事业的谭姓同学,2022-06-06,54304,16:40,社科·法律·心理,,https://www.bilibili.com/video/BV1eZ4y1t7St
786,BV1mv4y1378S,【回应信件】关于脑力无产者的精资性——致一位预备从事跨境电商、暂时陷入劳动纠纷的魏姓朋友,2022-06-06,59140,41:53,社科·法律·心理,,https://www.bilibili.com/video/BV1mv4y1378S
787,BV1VY411M77Y,【哲学与现实】与新自由主义和新保守主义划清文化界限——我们应当如何吸收我们的古典文化,2022-06-08,73636,39:36,社科·法律·心理,,https://www.bilibili.com/video/BV1VY411M77Y
788,BV1vY4y137uB,【辩证唯物主义】不要停留在任何一个本体论环节上，阶级矛盾贯穿一切本体论阶次,2022-06-09,60938,15:40,社科·法律·心理,,https://www.bilibili.com/video/BV1vY4y137uB
789,BV1E94y1U75J,【回应信件】家里逼着考公考编制怎么办？——致署名AC的朋友,2022-06-09,74998,23:17,社科·法律·心理,,https://www.bilibili.com/video/BV1E94y1U75J
790,BV16Y4y137La,【现实观察】如何对待惯常说方言的人群：不要被本地和外地的意识形态幌子给欺骗了,2022-06-10,84667,43:50,社科·法律·心理,,https://www.bilibili.com/video/BV16Y4y137La
791,BV1mY4y1W7cU,【爱欲经济学】恋声癖的基本机制，如何摆脱恋声癖,2022-06-11,87039,32:15,社科·法律·心理,,https://www.bilibili.com/video/BV1mY4y1W7cU
792,BV1Fv4y1G7gm,【意识形态批判】摈弃古代偶像剧中的现代幻想——赛里斯意识形态的文化表层批判,2022-06-12,93021,72:47,社科·法律·心理,,https://www.bilibili.com/video/BV1Fv4y1G7gm
793,BV1EA4y1R7zW,【现实批判】不要让镇定自若成为麻木不仁,2022-06-13,108561,42:34,社科·法律·心理,,https://www.bilibili.com/video/BV1EA4y1R7zW
794,BV1zT41157G7,【辩证唯物主义】何为实践？知、行、势的合一,2022-06-14,57362,29:46,社科·法律·心理,,https://www.bilibili.com/video/BV1zT41157G7
795,BV1pY4y1g74a,【行动建议】我对于喝酒和应酬娱乐中喝酒的态度,2022-06-15,79500,47:58,社科·法律·心理,,https://www.bilibili.com/video/BV1pY4y1g74a
796,BV1at4y1h7Xr,【重要公告】我回信的方式,2022-06-16,42607,08:02,日常,,https://www.bilibili.com/video/BV1at4y1h7Xr
797,BV1FA4y1d7BH,【怎么办？】红灯行，绿灯停,2022-06-17,54690,17:21,社科·法律·心理,,https://www.bilibili.com/video/BV1FA4y1d7BH
798,BV1VY411T7Dh,【意识形态批判】解析并拒斥消费主义的男女称呼,2022-06-18,105860,55:02,社科·法律·心理,,https://www.bilibili.com/video/BV1VY411T7Dh
799,BV1xv4y1g7mX,【旧曲新唱】追悼之情,2022-06-18,65025,02:52,翻唱,未明子歌集,https://www.bilibili.com/video/BV1xv4y1g7mX
800,BV1Da411s7jS,【意识形态批判】反对柠檬主义,2022-06-19,99664,11:12,社科·法律·心理,,https://www.bilibili.com/video/BV1Da411s7jS
801,BV1Ta411x7C7,【行动建议】就算是做螺丝钉，也要做刺头和螺纹兼具的自攻螺丝,2022-06-20,51116,16:58,社科·法律·心理,,https://www.bilibili.com/video/BV1Ta411x7C7
802,BV193411M7Yg,【哲学与现实】哲学意味着什么,2022-06-21,72411,70:27,社科·法律·心理,,https://www.bilibili.com/video/BV193411M7Yg
803,BV1PB4y1D7dA,【意识形态批判】摒弃单纯想象性的共同体认同,2022-06-22,60630,43:43,社科·法律·心理,,https://www.bilibili.com/video/BV1PB4y1D7dA
804,BV1vN4y137jR,【回应信件】成年后，不要与父母继续结成财政共同体,2022-06-22,167998,21:29,社科·法律·心理,,https://www.bilibili.com/video/BV1vN4y137jR
805,BV1ct4y1a7X8,【回应信件】父母透支晚年健康，要攒钱给子女买房、结婚、生子，子女该怎么办？,2022-06-23,109307,60:38,社科·法律·心理,,https://www.bilibili.com/video/BV1ct4y1a7X8
806,BV1Zf4y1Z7Gc,【回应信件】致一个“普通”大学生,2022-06-24,138420,73:23,社科·法律·心理,,https://www.bilibili.com/video/BV1Zf4y1Z7Gc
807,BV1q3411u7TB,【哲学与现实】坏事少等，好事多磨,2022-06-25,66956,34:43,社科·法律·心理,,https://www.bilibili.com/video/BV1q3411u7TB
808,BV1fW4y1B7BT,【性的政治学】与布尔乔亚女权主义对话的三原则,2022-06-26,282635,28:33,社科·法律·心理,,https://www.bilibili.com/video/BV1fW4y1B7BT
809,BV1hB4y1q7th,【意识形态批判】不少人的“哲学”归根结底毫无意义——拒斥高中生、大学生、研究生的早中晚期的双相哲学病,2022-06-27,273829,47:47,社科·法律·心理,,https://www.bilibili.com/video/BV1hB4y1q7th
810,BV1BW4y1z7YJ,【意识形态批判】目前而言，哲学的职业学术生活，是不值得过的,2022-06-29,57569,14:21,社科·法律·心理,,https://www.bilibili.com/video/BV1BW4y1z7YJ
811,BV1Xa411W7vU,【行动建议】坚持劳动者的尊严，拒绝耻辱性的哲学,2022-06-29,95924,17:25,社科·法律·心理,,https://www.bilibili.com/video/BV1Xa411W7vU
812,BV1qa411H7bc,【行动建议】行动者应当怎样哭泣，怎样悔恨？,2022-06-30,52453,32:50,社科·法律·心理,,https://www.bilibili.com/video/BV1qa411H7bc
813,BV18U4y1Q7nm,【行动建议】行动者没有私敌，宽宏大量胜于睚眦必报,2022-07-01,47582,61:56,社科·法律·心理,,https://www.bilibili.com/video/BV18U4y1Q7nm
814,BV1bU4y1S7ur,【谈谈哲学】时间是什么？主体是什么？绝对是什么？理念是什么？历史是什么？物质是什么？实践是什么？解放是什么？存档和读档的两种中介过程和围绕可计数性的符号学四元组,2022-07-02,76483,24:56,社科·法律·心理,,https://www.bilibili.com/video/BV1bU4y1S7ur
815,BV1SL4y1w7NL,【意识形态批判】如何克服女体崇拜（1）别再说“厚礼蟹”——乳房的审美化、性征化机制,2022-07-03,309876,43:16,社科·法律·心理,,https://www.bilibili.com/video/BV1SL4y1w7NL
816,BV18W4y1U7DZ,【现实观察】毕业了找不到工作怎么办？,2022-07-04,107099,19:30,社科·法律·心理,,https://www.bilibili.com/video/BV18W4y1U7DZ
817,BV1if4y1Z7xo,【实践】我的行动路径——我卖什么货，我开什么店，我成立什么团体，我追求什么理想,2022-07-04,70913,31:58,社科·法律·心理,,https://www.bilibili.com/video/BV1if4y1Z7xo
818,BV1QW4y1z7G8,【回忆录】我的学生时代,2022-07-05,147433,91:20,日常,,https://www.bilibili.com/video/BV1QW4y1z7G8
819,BV1dG411W7qT,【回应信件】致一位润出去了的无产者,2022-07-06,100775,30:50,日常,,https://www.bilibili.com/video/BV1dG411W7qT
820,BV1CB4y1i7sg,【意识形态批判】评新版流行歌《星星点灯》,2022-07-07,131984,35:56,社科·法律·心理,,https://www.bilibili.com/video/BV1CB4y1i7sg
821,BV1sB4y1H7w7,【行动建议】不以任何文化符号来进行自我认同，要做一个动态的辩证唯物主义者,2022-07-07,70131,18:22,社科·法律·心理,,https://www.bilibili.com/video/BV1sB4y1H7w7
822,BV1d34y1p7Qa,【哲学与现实】拒绝幸灾乐祸的辩证法,2022-07-09,76685,23:03,社科·法律·心理,,https://www.bilibili.com/video/BV1d34y1p7Qa
823,BV17g411f7di,【倡议】历史唯物主义者目前应与渐趋极端化的键政乐子人割席断交,2022-07-10,74516,33:45,社科·法律·心理,,https://www.bilibili.com/video/BV17g411f7di
824,BV1JB4y1p76x,【哲学与现实】人没法靠憋气把自己憋死——身体、意识、自我意识乃至语言的辩证法,2022-07-11,66155,42:58,社科·法律·心理,,https://www.bilibili.com/video/BV1JB4y1p76x
825,BV1cr4y1E7WC,【意识形态批判】许多人对热点事件的关注实质上只是自恋性的消费,2022-07-12,109572,46:33,社科·法律·心理,,https://www.bilibili.com/video/BV1cr4y1E7WC
826,BV1KG411s7Bu,【回应信件】虚假的二元对立：哲学or现实？所掩盖的真正抉择，你得自己去做,2022-07-13,50346,48:11,社科·法律·心理,,https://www.bilibili.com/video/BV1KG411s7Bu
827,BV1Tr4y1J7yy,【行动建议】想一分，做两分——暧昧的局势下要进行大胆的加倍,2022-07-14,63643,21:33,社科·法律·心理,,https://www.bilibili.com/video/BV1Tr4y1J7yy
828,BV1vB4y1v7eQ,【随便聊聊】何为成人？,2022-07-15,75912,86:37,社科·法律·心理,,https://www.bilibili.com/video/BV1vB4y1v7eQ
829,BV1u34y1J7UQ,【哲学与现实】正确认识黑中介，正确认识力量对比的变化,2022-07-16,40952,72:29,社科·法律·心理,,https://www.bilibili.com/video/BV1u34y1J7UQ
830,BV1Ue4y1X7ma,【回应信件】不少人的虚无主义只是一种廉价的自恋噱头——实在难受，就自己去走黑格尔、晚期谢林、晚期海德格尔的存有论之路,2022-07-17,99721,25:41,社科·法律·心理,,https://www.bilibili.com/video/BV1Ue4y1X7ma
831,BV1fY4y177iD,【回应信件】致一个自诩为“装”的高中生——只有现实的劳动者才配讨论纯粹,2022-07-17,85398,23:47,社科·法律·心理,,https://www.bilibili.com/video/BV1fY4y177iD
832,BV1gt4y157sP,【行动建议】如何面对表面严重精资但实则无路可走的普罗大众,2022-07-18,95496,21:41,社科·法律·心理,,https://www.bilibili.com/video/BV1gt4y157sP
833,BV15N4y1M7q6,【爱欲经济学】排泄禁忌的性化路径,2022-07-19,152408,43:38,社科·法律·心理,,https://www.bilibili.com/video/BV15N4y1M7q6
834,BV1gT411n7uM,【回应信件】拒绝自诩“迷茫”的假平凡，拒绝摆烂与内卷的两极振荡,2022-07-19,126115,30:30,社科·法律·心理,,https://www.bilibili.com/video/BV1gT411n7uM
835,BV1Sa411M7Do,【爱欲经济学】理解关于恋足、恋袜、恋脚、恋鞋的全部机制,2022-07-21,137113,95:06,社科·法律·心理,,https://www.bilibili.com/video/BV1Sa411M7Do
836,BV1zt4y15796,【行动建议】拒绝键政,2022-07-22,97476,16:16,社科·法律·心理,,https://www.bilibili.com/video/BV1zt4y15796
837,BV1594y1X7kM,【意识形态批判】“社会化抚养”的宗派主义切口，可以休矣,2022-07-23,163576,36:21,社科·法律·心理,,https://www.bilibili.com/video/BV1594y1X7kM
838,BV1kG411n7Yi,【行动建议】不与把现实当成架空小说去对待并以其中角色自居的不严肃的头脸人物为伍,2022-07-23,72962,29:00,日常,,https://www.bilibili.com/video/BV1kG411n7Yi
839,BV12t4y1571B,【现实观察】丑角的正戏——鹿杖客在汝阳王府讲阳顶天事迹,2022-07-23,58550,12:07,日常,,https://www.bilibili.com/video/BV12t4y1571B
840,BV1yG411H7hn,【意识形态学】何谓《孤勇者》？,2022-07-25,74395,71:16,社科·法律·心理,,https://www.bilibili.com/video/BV1yG411H7hn
841,BV1KV4y1E79w,【现实观察】对目前VR瓶颈的思考和建议,2022-07-26,36032,55:12,社科·法律·心理,,https://www.bilibili.com/video/BV1KV4y1E79w
842,BV1Ca411K7Gh,【意识形态批判】你二舅不是我舅——旗帜鲜明地反对文化布尔乔亚的“手工业方式”的意识形态渗透,2022-07-27,483936,65:03,社科·法律·心理,,https://www.bilibili.com/video/BV1Ca411K7Gh
843,BV1NB4y1C7ij,【意识形态批判】旗帜鲜明地揭露和反对糟糕透顶的“庄敬自强，处变不惊”！,2022-07-28,167912,54:54,社科·法律·心理,,https://www.bilibili.com/video/BV1NB4y1C7ij
844,BV1JF411N716,【亡羊补牢】“庄敬自强”不是一个成语，也不是什么中国老话，而是一个反动的口号,2022-07-28,181250,21:13,社科·法律·心理,,https://www.bilibili.com/video/BV1JF411N716
845,BV1ZB4y1t7wk,【随便聊聊】社会上的惰性到底来自哪里,2022-07-29,84760,54:41,社科·法律·心理,,https://www.bilibili.com/video/BV1ZB4y1t7wk
846,BV1Hr4y1j7d7,【辩证法】首先要抓住整体而不是被整体抓住，而后再进行真正的正反合思辨,2022-07-30,62709,72:09,社科·法律·心理,,https://www.bilibili.com/video/BV1Hr4y1j7d7
847,BV1YS4y1t75P,【现实观察】目前而言，什么是酷,2022-07-31,75188,29:58,社科·法律·心理,,https://www.bilibili.com/video/BV1YS4y1t75P
848,BV1wa411M7jK,【公告】我们眼下的行动路径,2022-08-01,68514,39:09,日常,,https://www.bilibili.com/video/BV1wa411M7jK
849,BV19G4y1e7Df,【随便聊聊】致文科知识分子,2022-08-02,96697,100:33,社科·法律·心理,,https://www.bilibili.com/video/BV19G4y1e7Df
850,BV19t4y1V7N3,【随便聊聊】如何面对现实：吃下X味巧克力，把巧克力味的X拉掉,2022-08-03,92724,24:02,日常,,https://www.bilibili.com/video/BV19t4y1V7N3
851,BV16T411L7FV,【随便聊聊】关于我的饮品店经营状况,2022-08-04,64090,37:17,日常,,https://www.bilibili.com/video/BV16T411L7FV
852,BV1xG4y1v7MV,【现实行动】我们目前的一个行动项目,2022-08-04,54420,26:34,日常,,https://www.bilibili.com/video/BV1xG4y1v7MV
853,BV1Ed4y1N7mh,【现实观察】如何看待中医，以及一切前现代文化残余,2022-08-06,123512,74:09,社科·法律·心理,,https://www.bilibili.com/video/BV1Ed4y1N7mh
854,BV1Rt4y1372o,【哲学与现实】不可回绝的行动契机,2022-08-07,51049,30:21,社科·法律·心理,,https://www.bilibili.com/video/BV1Rt4y1372o
855,BV18B4y1t7Vc,【哲学与现实】名义是行动的种子,2022-08-08,21912,31:16,社科·法律·心理,,https://www.bilibili.com/video/BV18B4y1t7Vc
856,BV1xa411o78F,【摘帽子】应褫夺“网左”“左壬”的“左”的名义，仅保留其“网壬”名义,2022-08-08,58732,16:39,日常,,https://www.bilibili.com/video/BV1xa411o78F
857,BV1pg411y79V,【回应信件】致一位北漂女孩——上学还是工作,2022-08-08,56423,31:53,日常,,https://www.bilibili.com/video/BV1pg411y79V
858,BV1PS4y1s7u1,【回应信件】关于学校的乌烟瘴气,2022-08-08,57173,20:43,日常,,https://www.bilibili.com/video/BV1PS4y1s7u1
859,BV1Pa411P7tD,【回应信件】关于职场的不公正,2022-08-08,33078,15:55,日常,,https://www.bilibili.com/video/BV1Pa411P7tD
860,BV1PN4y157od,【回应信件】关于农村的陋习,2022-08-08,64519,16:25,日常,,https://www.bilibili.com/video/BV1PN4y157od
861,BV1Wv4y1F7AH,【哲学】为什么观念论错了，为什么无本身无着：内在性的不可能性——认识论主体和符号性秩序的发生学点位,2022-08-10,54432,64:49,社科·法律·心理,,https://www.bilibili.com/video/BV1Wv4y1F7AH
862,BV1tU4y1e7qH,【行动建议】何为成熟，何为行动者：具有基本的禁欲主义底色,2022-08-11,92370,47:53,社科·法律·心理,,https://www.bilibili.com/video/BV1tU4y1e7qH
863,BV1yF411w7co,【行动建议】怎样面对欲望才是一个合格的行动者,2022-08-12,82520,72:12,社科·法律·心理,,https://www.bilibili.com/video/BV1yF411w7co
864,BV18F411w7Qk,【现实观察】与那些喊得最“激进”的彻头彻尾的投降分子划清界限,2022-08-13,59964,21:26,日常,,https://www.bilibili.com/video/BV18F411w7Qk
865,BV1jd4y1K7kp,【行动建议】行动应以名义为其必要前提和首要目标,2022-08-13,24659,23:56,社科·法律·心理,,https://www.bilibili.com/video/BV1jd4y1K7kp
866,BV1EG411t7Wh,【行动计划】我们打算做一个什么样的网站（1）——初步功能,2022-08-14,40006,27:09,日常,,https://www.bilibili.com/video/BV1EG411t7Wh
867,BV19g411k7Ge,【行动建议】行动者与载具的关系,2022-08-15,35347,23:23,社科·法律·心理,,https://www.bilibili.com/video/BV19g411k7Ge
868,BV1ZS4y1p7oH,【随便聊聊】最重要的三元组——不理解并实践这个辩证法的人没有资格对我进行任何评价,2022-08-16,40877,21:21,社科·法律·心理,,https://www.bilibili.com/video/BV1ZS4y1p7oH
869,BV1dg41167Y9,【项目跟踪】晚托班项目硬装计划介绍,2022-08-17,31549,12:30,日常,,https://www.bilibili.com/video/BV1dg41167Y9
870,BV1dg41167ZU,【随便聊聊】坚决不走武训式道路，坚决与污蔑我们为武训的网壬划清界限,2022-08-18,44307,54:08,社科·法律·心理,,https://www.bilibili.com/video/BV1dg41167ZU
871,BV11d4y1o7K4,【行动建议】我们应如何消费,2022-08-18,62236,36:44,日常,,https://www.bilibili.com/video/BV11d4y1o7K4
872,BV14B4y1z7jL,【意识形态批判】“上岸”？回头是岸！,2022-08-19,82302,43:21,社科·法律·心理,,https://www.bilibili.com/video/BV14B4y1z7jL
873,BV1MU4y1k7Mr,【立场研判】要平地起炉灶，不要高楼宴宾客,2022-08-20,40098,22:31,日常,,https://www.bilibili.com/video/BV1MU4y1k7Mr
874,BV1KV4y1x7AB,【哲学与现实】知道衰朽，就是成熟,2022-08-21,61925,28:23,日常,,https://www.bilibili.com/video/BV1KV4y1x7AB
875,BV1tt4y1J79Z,【随便聊聊】应该如何点外卖,2022-08-22,63210,39:10,日常,,https://www.bilibili.com/video/BV1tt4y1J79Z
876,BV1eB4y1z7Qc,【项目追踪】晚托班改造计划硬装部分阶段性介绍,2022-08-23,24557,24:10,日常,,https://www.bilibili.com/video/BV1eB4y1z7Qc
877,BV1kt4y1n7Rt,【哲学与现实】社恐是个好东西，但还需要往前走一步,2022-08-24,112264,22:27,社科·法律·心理,,https://www.bilibili.com/video/BV1kt4y1n7Rt
878,BV14G41147WU,【随便聊聊】目前的任务：与生活资料生产资料更紧密地结合（上）,2022-08-25,25418,09:27,社科·法律·心理,,https://www.bilibili.com/video/BV14G41147WU
879,BV1Fd4y1A7jL,【随便聊聊】目前的任务：与生活资料生产资料更紧密地结合（下）,2022-08-25,24668,05:23,社科·法律·心理,,https://www.bilibili.com/video/BV1Fd4y1A7jL
880,BV1TD4y167wg,【哲学与现实】性差异来自于物质生产现实，而非单纯的生理差别,2022-08-26,48501,21:48,社科·法律·心理,,https://www.bilibili.com/video/BV1TD4y167wg
881,BV15t4y1E7xh,【随便聊聊】行动者如何表白,2022-08-27,80858,24:35,社科·法律·心理,,https://www.bilibili.com/video/BV15t4y1E7xh
882,BV12a411G7iy,【哲学与现实】自保不足，进取有余,2022-08-28,45168,16:57,社科·法律·心理,,https://www.bilibili.com/video/BV12a411G7iy
883,BV1hW4y1t7SR,【哲学与现实】从绝望到绝对的失望再到激愤,2022-08-29,63334,18:06,社科·法律·心理,,https://www.bilibili.com/video/BV1hW4y1t7SR
884,BV1w14y147TB,【意识形态学】屠羊女孩短视频背上的意识形态,2022-08-30,95959,25:35,社科·法律·心理,,https://www.bilibili.com/video/BV1w14y147TB
885,BV14B4y1G7fh,【马克思主义】如何从理论上认清自诩马克思主义的失意知识分子的真正立场,2022-09-01,40000,20:11,社科·法律·心理,,https://www.bilibili.com/video/BV14B4y1G7fh
886,BV1Kt4y1J7nB,【随便聊聊】什么样的人适合做人才的发掘和组织者,2022-09-01,33621,12:34,社科·法律·心理,,https://www.bilibili.com/video/BV1Kt4y1J7nB
887,BV19W4y1q7h9,【回应信件】要把律令铺设在精神位面——如何引导淘气的孩子,2022-09-02,53295,56:28,社科·法律·心理,,https://www.bilibili.com/video/BV19W4y1q7h9
888,BV1jV4y1u7o6,【行动建议】为比邻公益学堂提供一些支持——关注并支持某些特定类型的公益组织但同时与市民阶级公益逻辑保持距离,2022-09-02,33240,61:16,日常,,https://www.bilibili.com/video/BV1jV4y1u7o6
889,BV1iB4y1g7FV,【现实观察】进厂之后只有一条路可走,2022-09-03,88892,17:04,职业职场,,https://www.bilibili.com/video/BV1iB4y1g7FV
890,BV17W4y1B7Zb,【随便聊聊】DOTA2这个游戏的未来在哪里,2022-09-06,46203,53:37,电子竞技,,https://www.bilibili.com/video/BV17W4y1B7Zb
891,BV1Rd4y1g72N,【随便聊聊】持续透支之后需要超额恢复,2022-09-06,46086,37:25,日常,,https://www.bilibili.com/video/BV1Rd4y1g72N
892,BV1r14y1s75s,【项目追踪】主义主义网站（临时站点）目前的功能：首批项目内容的简单公示,2022-09-07,29299,17:35,日常,,https://www.bilibili.com/video/BV1r14y1s75s
893,BV1Bd4y1X7gs,【意识形态批判】劳动者不要以“打工的”自居,2022-09-07,44373,23:56,社科·法律·心理,,https://www.bilibili.com/video/BV1Bd4y1X7gs
894,BV1LK411f7qg,【意识形态批判/行动指南】以“emo”为耻,2022-09-08,91232,23:59,社科·法律·心理,,https://www.bilibili.com/video/BV1LK411f7qg
895,BV19d4y1g7Hc,【项目追踪】晚托班环境改造成果展示预览版（直播讲解版）,2022-09-09,58036,45:26,日常,,https://www.bilibili.com/video/BV19d4y1g7Hc
896,BV1LG4y1z7M3,【回应信件】致一位典型的未觉醒的工人,2022-09-10,55286,35:47,日常,,https://www.bilibili.com/video/BV1LG4y1z7M3
897,BV1KV4y1g7sM,【行动建议】保持灵活、敏感，成为自己的自己人,2022-09-10,59534,18:31,社科·法律·心理,,https://www.bilibili.com/video/BV1KV4y1g7sM
898,BV1Sd4y1z75f,【意识形态批判】真正的历史 vs 蹩脚的吏史,2022-09-11,97994,65:27,社科·法律·心理,,https://www.bilibili.com/video/BV1Sd4y1z75f
899,BV1Ud4y137vZ,【哲学与现实】 历史的逻辑是同一个阶级矛盾跨越不同层面的运动方式,2022-09-12,47008,21:58,社科·法律·心理,,https://www.bilibili.com/video/BV1Ud4y137vZ
900,BV1ca411g7hK,【哲学与现实】全球资本主义的卡住,2022-09-13,66150,35:44,社科·法律·心理,,https://www.bilibili.com/video/BV1ca411g7hK
901,BV1Cd4y1u7Ya,【项目追踪】爱心小屋改造全纪实,2022-09-13,84077,41:21,日常,,https://www.bilibili.com/video/BV1Cd4y1u7Ya
902,BV1wV4y1M7No,【生活建议】这几年的大学生毕业之后，不妨再过两三年真正的大学生活,2022-09-15,85460,25:35,日常,,https://www.bilibili.com/video/BV1wV4y1M7No
903,BV1f14y1a79h,【意识形态批判】“羊了个羊”：文化资产阶级的弼羊温的下马威,2022-09-16,83398,84:54,日常,,https://www.bilibili.com/video/BV1f14y1a79h
904,BV1ZP4y1d79X,【回应信件】致向涵同学：重构爱欲机制？,2022-09-17,45651,16:03,日常,,https://www.bilibili.com/video/BV1ZP4y1d79X
905,BV1oT411M7KY,【回应信件】致ENIAC02——要和父母决裂？先养活自己再说,2022-09-17,26641,08:46,日常,,https://www.bilibili.com/video/BV1oT411M7KY
906,BV1ud4y1g7HN,【回应信件】致一位父母在家中不说话的女士,2022-09-17,41065,31:20,日常,,https://www.bilibili.com/video/BV1ud4y1g7HN
907,BV12t4y1A761,【随便聊聊】道不同不相为伍,2022-09-17,50093,22:15,日常,,https://www.bilibili.com/video/BV12t4y1A761
908,BV1wG4y1B7cK,【工益公益】我们团队的总路线：以工益带动公益；我们的第一个实践计划：工益食堂,2022-09-18,40485,39:05,日常,,https://www.bilibili.com/video/BV1wG4y1B7cK
909,BV1zG411u7Z3,【随便聊聊】生活的前路未明，要懂得准备后路,2022-09-19,66533,42:05,日常,,https://www.bilibili.com/video/BV1zG411u7Z3
910,BV14G4y1B7MS,【行动建议】从显卡暴跌讲开来,2022-09-20,60911,98:52,日常,,https://www.bilibili.com/video/BV14G4y1B7MS
911,BV1PG411g7bL,【行动建议】成为掺入现实的一粒沙子,2022-09-21,44509,22:54,日常,,https://www.bilibili.com/video/BV1PG411g7bL
912,BV1Dt4y1A7dZ,【意识形态批判】我不知道二舅作者到底敬畏什么，但我知道他蔑视和侮辱的是什么,2022-09-22,235079,63:04,社科·法律·心理,,https://www.bilibili.com/video/BV1Dt4y1A7dZ
913,BV1i14y1h7Wm,【意识形态批判】城市小市民群体是如何借助《二舅》幻想自己掌控整个普罗大众的,2022-09-23,127834,109:14,日常,,https://www.bilibili.com/video/BV1i14y1h7Wm
914,BV1qT411T7oo,【随便聊聊】我的父亲，以及，什么是真正的孝,2022-09-24,218581,127:11,日常,,https://www.bilibili.com/video/BV1qT411T7oo
915,BV1vT411N7mX,【历史唯物主义】“庄敬自强”在大陆的前世今生，以及，衣戈猜想，汝意欲何为？,2022-09-25,112867,45:47,人文历史,,https://www.bilibili.com/video/BV1vT411N7mX
916,BV1Fe4y1H7Vy,【工益公益】接下来的项目：营养星期四，请社会的主人们来做客吃饭,2022-09-26,48010,36:08,社科·法律·心理,,https://www.bilibili.com/video/BV1Fe4y1H7Vy
917,BV1E8411471U,【意识形态批判】你也要反对哲学？？？？？？？？,2022-09-27,149399,101:46,社科·法律·心理,,https://www.bilibili.com/video/BV1E8411471U
918,BV1Jt4y1w71y,【意识形态学】哲学、政治、科学到底是什么？,2022-09-28,97952,77:31,社科·法律·心理,,https://www.bilibili.com/video/BV1Jt4y1w71y
919,BV1y24y1R73j,【行动建议】如何成为历史的一部分,2022-09-30,52864,111:59,社科·法律·心理,,https://www.bilibili.com/video/BV1y24y1R73j
920,BV1tN4y1P742,【工益公益】我们目前工作发展的瓶颈和困境,2022-09-30,31020,80:01,社科·法律·心理,,https://www.bilibili.com/video/BV1tN4y1P742
921,BV1xe411T7Fb,【工益公益】工益是最大的公益,2022-10-01,44460,38:44,社科·法律·心理,,https://www.bilibili.com/video/BV1xe411T7Fb
922,BV17t4y1A7dW,【人在外地】哲学的实质：在野性，激进资产阶级的造反学，保守资产阶级的统治力,2022-10-02,37208,13:16,社科·法律·心理,,https://www.bilibili.com/video/BV17t4y1A7dW
923,BV1324y1d74v,【人在外地】反对哲学的第一步：破除自身的在野状态幻想,2022-10-02,43420,08:51,社科·法律·心理,,https://www.bilibili.com/video/BV1324y1d74v
924,BV1dg411a7oC,【意识形态批判】“人生总有风雨，时间总会向前”？布尔乔亚说反了一切,2022-10-03,86341,09:58,社科·法律·心理,,https://www.bilibili.com/video/BV1dg411a7oC
925,BV1a24y197RL,【反哲学】令人作呕的罗素拥趸——不要打扰他们的幸福,2022-10-07,75830,54:03,社科·法律·心理,,https://www.bilibili.com/video/BV1a24y197RL
926,BV1dG4y1W776,【反哲学】“分析哲学本身”是意识形态，分析哲学家是智性统治的帮凶，分析哲学这种生活是不值得过的,2022-10-07,33080,18:28,社科·法律·心理,,https://www.bilibili.com/video/BV1dG4y1W776
927,BV1kW4y1n7c7,【哲学与现实】为什么要经历观念论，坚持辩证法？,2022-10-07,57529,13:58,社科·法律·心理,,https://www.bilibili.com/video/BV1kW4y1n7c7
928,BV1JV4y1L7u1,【意识形态批判】器具般的小布尔乔亚往往沉醉于国别冲突的地缘棋局,2022-10-09,47248,31:08,社科·法律·心理,,https://www.bilibili.com/video/BV1JV4y1L7u1
929,BV18m4y1A77W,【项目追踪】营养星期四项目准备期的第一个问题以及一些其他情况的介绍,2022-10-09,19189,12:40,社科·法律·心理,,https://www.bilibili.com/video/BV18m4y1A77W
930,BV1at4y1c7pv,【行动建议】将勇敢和策略统一起来,2022-10-09,34415,16:23,社科·法律·心理,,https://www.bilibili.com/video/BV1at4y1c7pv
931,BV1FT411N7gk,【反哲学】为什么分析哲学是反动的——没有哲学有资格教人民“说人话”,2022-10-10,39848,24:11,社科·法律·心理,,https://www.bilibili.com/video/BV1FT411N7gk
932,BV1WP4117736,【行动建议】底层知识分子何为？,2022-10-10,35531,27:17,社科·法律·心理,,https://www.bilibili.com/video/BV1WP4117736
933,BV1Bt4y1c7jc,【行动建议】如何对待底层失意知识分子——尤其是其中的阴性和假阳性知识分子,2022-10-10,41749,20:58,社科·法律·心理,,https://www.bilibili.com/video/BV1Bt4y1c7jc
934,BV1Rt4y1c7Qc,【现实观察】对可悲的哲学乐子人说的最后一番话,2022-10-11,85976,32:38,社科·法律·心理,,https://www.bilibili.com/video/BV1Rt4y1c7Qc
935,BV12W4y1J7ym,【辩证法/生存论】用大车占道超车的比喻来讲解本质和表象，实体和主体的关系,2022-10-13,36409,64:12,社科·法律·心理,,https://www.bilibili.com/video/BV12W4y1J7ym
936,BV18G4y1p7XN,【意识形态批判】“细狗”——小资产阶级在危机中的自我意识,2022-10-13,106478,31:59,社科·法律·心理,,https://www.bilibili.com/video/BV18G4y1p7XN
937,BV1fg411h7Sf,【符号学】符号系统是如何生产出主体和客体的——通过对两个广告的意识形态分析和辩证符号学演绎,2022-10-14,53796,55:23,社科·法律·心理,,https://www.bilibili.com/video/BV1fg411h7Sf
938,BV1aG4y1p72a,【行动建议】'We don't chat on Wechat'——做好通讯的形式和内容的区分,2022-10-15,39033,14:04,社科·法律·心理,,https://www.bilibili.com/video/BV1aG4y1p72a
939,BV1pm4y1A7y9,【行动建议】面对困难，不要用这种方式维系事业的正当性,2022-10-15,42707,20:29,社科·法律·心理,,https://www.bilibili.com/video/BV1pm4y1A7y9
940,BV1YV4y1L7rx,【随便聊聊】如何获得行动的动力——从看守状态转向禁锢状态,2022-10-16,58895,31:45,社科·法律·心理,,https://www.bilibili.com/video/BV1YV4y1L7rx
941,BV1pN4y1w7bB,【行动建议】行动者谋生的原则和底线,2022-10-17,35107,26:43,社科·法律·心理,,https://www.bilibili.com/video/BV1pN4y1w7bB
942,BV1Re4y1S79Q,【随便聊聊】反对假尾巴主义,2022-10-18,37303,67:51,社科·法律·心理,,https://www.bilibili.com/video/BV1Re4y1S79Q
943,BV13K411X75b,【行动建议】捐弃学历鄙视链,2022-10-19,76121,26:31,社科·法律·心理,,https://www.bilibili.com/video/BV13K411X75b
944,BV1Ze4y1E7B4,【回应信件】有一块场地的小资产阶级子弟可以怎么做,2022-10-19,24293,02:41,社科·法律·心理,,https://www.bilibili.com/video/BV1Ze4y1E7B4
945,BV1QV4y1V78u,【回应信件】一个拘泥于“自我”的大四女学生,2022-10-19,46269,11:04,社科·法律·心理,,https://www.bilibili.com/video/BV1QV4y1V78u
946,BV1xN4y1w78m,【回应信件】如何与被前婆家当生育工具的堂姐相处,2022-10-20,22383,15:19,社科·法律·心理,,https://www.bilibili.com/video/BV1xN4y1w78m
947,BV1wV4y157Yz,【回应信件】一个害怕死亡害怕时间流逝的高四学生,2022-10-20,63471,21:58,社科·法律·心理,,https://www.bilibili.com/video/BV1wV4y157Yz
948,BV1KV4y157vh,【回应信件】一个凭感觉生活凭喜好学习的高中生,2022-10-20,128821,19:08,社科·法律·心理,,https://www.bilibili.com/video/BV1KV4y157vh
949,BV1y8411Y7ig,【回应信件】一个毕业后决心入厂却还在纠结学位证书的大学生,2022-10-20,38848,14:09,社科·法律·心理,,https://www.bilibili.com/video/BV1y8411Y7ig
950,BV1FR4y197U8,【工益公益】营养星期四项目跟踪之厨房改造,2022-10-20,24538,11:21,社科·法律·心理,,https://www.bilibili.com/video/BV1FR4y197U8
951,BV13e4y1e7ss,【随便聊聊】高中生大学生要成熟起来，认识到自己的范式性意义,2022-10-21,89913,99:22,社科·法律·心理,,https://www.bilibili.com/video/BV13e4y1e7ss
952,BV1J14y157Er,【回应信件】一位对性化和主义主义有所误解的单亲母亲,2022-10-22,40637,26:41,社科·法律·心理,,https://www.bilibili.com/video/BV1J14y157Er
953,BV1zg41187tB,【回应信件】一个谎称理想主义，实则幻想通过考研开辟新上升渠道的程序员,2022-10-22,158134,38:49,社科·法律·心理,,https://www.bilibili.com/video/BV1zg41187tB
954,BV1zG411L7U3,【经典译读】黑格尔《逻辑学》存有论（17-再读复习）——定在的第二个环节：有限性,2022-10-23,40298,41:28,社科·法律·心理,,https://www.bilibili.com/video/BV1zG411L7U3
955,BV1MR4y1Q7gA,【随便聊聊】拒绝尾巴主义，敢于幻想，善于落实,2022-10-23,49384,10:25,社科·法律·心理,,https://www.bilibili.com/video/BV1MR4y1Q7gA
956,BV1MR4y1Q7iS,【随便聊聊】如何按照对于历史的欲望来划分一二三流人物,2022-10-25,34932,06:01,社科·法律·心理,,https://www.bilibili.com/video/BV1MR4y1Q7iS
957,BV1WK411U7Mr,【随便聊聊】年轻人要把自己的欲望拯救出来,2022-10-25,215722,120:46,社科·法律·心理,,https://www.bilibili.com/video/BV1WK411U7Mr
958,BV1Ye4y1U78w,【回应信件】不要顺从于你的父亲，首先保护好你的母亲——回应一个父亲打骂母亲的高一学生,2022-10-26,50556,54:26,社科·法律·心理,,https://www.bilibili.com/video/BV1Ye4y1U78w
959,BV1UP411A7CY,【意识形态批判】不能把农村当作救命稻草,2022-10-27,69186,73:10,社科·法律·心理,,https://www.bilibili.com/video/BV1UP411A7CY
960,BV1wV4y1V7qw,【现实观察】如何破除产线上下的性剥削,2022-10-28,62849,101:33,社科·法律·心理,,https://www.bilibili.com/video/BV1wV4y1V7qw
961,BV1J8411Y7jH,【现实观察】产线工人的性尊严不容忽视，男性工人应该如何振作起来,2022-10-28,51894,30:28,社科·法律·心理,,https://www.bilibili.com/video/BV1J8411Y7jH
962,BV1Av4y1D7vB,【行动建议】如何识别个体化的绝对者,2022-10-29,40178,85:21,社科·法律·心理,,https://www.bilibili.com/video/BV1Av4y1D7vB
963,BV1k8411a7o6,【现实观察】从力量对比角度理解利率的倍数现象，一分为二地看待小布尔乔亚,2022-10-30,38991,49:59,社科·法律·心理,,https://www.bilibili.com/video/BV1k8411a7o6
964,BV1Ee4y127Vf,【现实观察】可用一个“密”概括当前,2022-10-31,70704,41:27,社科·法律·心理,,https://www.bilibili.com/video/BV1Ee4y127Vf
965,BV1yd4y1c7cz,【随便聊聊】对于现实的一点浅薄的认识,2022-11-01,94866,142:46,社科·法律·心理,,https://www.bilibili.com/video/BV1yd4y1c7cz
966,BV1FW4y1771p,【现实观察】给普罗大众兜底的不是农村，是社会主义,2022-11-02,69683,37:12,社科·法律·心理,,https://www.bilibili.com/video/BV1FW4y1771p
967,BV1TD4y187Tu,【现实观察】恶臭的抽象梗乐子人是布尔乔亚对普罗大众的文化PUA工具,2022-11-03,152745,42:50,社科·法律·心理,,https://www.bilibili.com/video/BV1TD4y187Tu
968,BV18K411S7aA,【哲学与现实】人在少年，感觉时间过得慢，人到中年，感觉时间过得快，这是怎么一回事？,2022-11-04,55790,49:51,社科·法律·心理,,https://www.bilibili.com/video/BV18K411S7aA
969,BV1we411F7k5,【随便聊聊】既不是工业党，也不是乡建派，我们首先是社会主义者；非要以地域论的话，我们的工作应从城中村做起,2022-11-05,38802,64:55,社科·法律·心理,,https://www.bilibili.com/video/BV1we411F7k5
970,BV1u24y1f7Rw,【随便聊聊】应明确工业党人绝非社会主义者，如何从工业党人蜕变为社会主义者,2022-11-05,40661,52:59,社科·法律·心理,,https://www.bilibili.com/video/BV1u24y1f7Rw
971,BV18K411m7Pq,【行动建议】下盲棋，打明牌,2022-11-06,50791,33:20,社科·法律·心理,,https://www.bilibili.com/video/BV18K411m7Pq
972,BV1TD4y1t7d4,【现实观察】对小布尔乔亚以救援队和应急服务供应商名义组织的互保网络保持清醒和警惕,2022-11-07,47391,64:41,社科·法律·心理,,https://www.bilibili.com/video/BV1TD4y1t7d4
973,BV1UP411F7FZ,【意识形态批判】我对于某部热门小说的厌弃的根据,2022-11-08,190940,152:45,社科·法律·心理,,https://www.bilibili.com/video/BV1UP411F7FZ
974,BV1h84y1v7Jq,【随便聊聊】我眼里的一些人物，以及为什么他们在我看来非英雄也,2022-11-10,76725,71:28,社科·法律·心理,,https://www.bilibili.com/video/BV1h84y1v7Jq
975,BV198411b7qp,【身体现象学/爱欲经济学】从吃到吻——食欲是如何推动主体的性化和性征化的,2022-11-11,70482,98:26,社科·法律·心理,,https://www.bilibili.com/video/BV198411b7qp
976,BV1xG4y1f7si,【意识形态批判】坚决与流俗科幻作品中的唯科技主义的错误立场划清界限,2022-11-12,87193,64:20,社科·法律·心理,,https://www.bilibili.com/video/BV1xG4y1f7si
977,BV1wG4y1b7Ki,【现实观察】从国家到国际到共产主义的胜利,2022-11-13,152773,80:44,社科·法律·心理,,https://www.bilibili.com/video/BV1wG4y1b7Ki
978,BV1kG4y1x7yW,【现实观察】糖的代价——不要表面上叛离了一元二极性秩序，却又更深重地被资本主义的性榨取所奴役,2022-11-15,116638,123:53,社科·法律·心理,,https://www.bilibili.com/video/BV1kG4y1x7yW
979,BV1FW4y1x792,【行动路线】我们的道路（近-中-远），以及我两年来的财务状况,2022-11-16,51048,54:58,社科·法律·心理,,https://www.bilibili.com/video/BV1FW4y1x792
980,BV11G4y1x71e,【性的政治学】只有彻底的解放者才有资格获得真正的性解放——拆穿一切性叙事、性识别、性位格，反对男权主义和性多元主义的二极化的性伦理，性解放是政治经济解放的副产品,2022-11-16,93937,43:45,社科·法律·心理,,https://www.bilibili.com/video/BV11G4y1x71e
981,BV1Y14y1W7uc,【行动建议】临时工该怎么办？,2022-11-18,36526,36:15,社科·法律·心理,,https://www.bilibili.com/video/BV1Y14y1W7uc
982,BV1c84y1C7MV,【行动路线】要用大三权代替小三权,2022-11-19,47072,16:00,社科·法律·心理,,https://www.bilibili.com/video/BV1c84y1C7MV
983,BV1EW4y1W7YK,【一个号召】和一个可疑的团体全面决裂,2022-11-19,48853,08:02,社科·法律·心理,,https://www.bilibili.com/video/BV1EW4y1W7YK
984,BV1t14y1H7Bx,【MOBA攻略】打DOTA不要让炼金给你养A杖,2022-11-19,43609,06:22,电子竞技,,https://www.bilibili.com/video/BV1t14y1H7Bx
985,BV1D14y1H7CQ,【哲学与现实】为什么我叫你们学习黑格尔！不是让你们进一步学习马克思和列宁，而是要成为马克思和列宁！,2022-11-19,74119,20:50,社科·法律·心理,,https://www.bilibili.com/video/BV1D14y1H7CQ
986,BV1V84y117jc,【一次重复】为什么要学习黑格尔，而不是做1、2、3个不堪用没用的学学主义者,2022-11-19,53017,38:42,社科·法律·心理,,https://www.bilibili.com/video/BV1V84y117jc
987,BV1EP41137Ng,【理论与实践】只有理论学习和观察调研，根本没有资格自居马克思主义者,2022-11-19,35352,14:41,社科·法律·心理,,https://www.bilibili.com/video/BV1EP41137Ng
988,BV11M411C7Q2,【行动建议】绝大部分自居“性少数”者幸存并获得解放的唯一道路,2022-11-19,46688,19:09,社科·法律·心理,,https://www.bilibili.com/video/BV11M411C7Q2
989,BV14M411C7Ye,【随便聊聊】佐伊23是个失败的项目，项目应当取消，成员应当离开，但要妥善安排去处,2022-11-20,67420,31:20,社科·法律·心理,,https://www.bilibili.com/video/BV14M411C7Ye
990,BV1qD4y1s789,【历史唯物主义】致幼稚和无知——现实的社会主义依然运行在《法哲学原理》的范畴内，但终究要牵引其走向国际主义和世界历史,2022-11-21,75449,79:36,社科·法律·心理,,https://www.bilibili.com/video/BV1qD4y1s789
991,BV1NY411Z7do,【实事求是】左翼——景观资本左翼：1、什么才是真正的调研，2、左人无限可分的实质不过是景观资本主义的分工，3、对于各种常态或非常态的左翼运动的整体批判,2022-11-22,60301,169:12,社科·法律·心理,,https://www.bilibili.com/video/BV1NY411Z7do
992,BV11G4y147R2,【现实揭露】佐伊23的真面目（2）——激流网匆忙制造出来为生态农业资本主义的超额利润做遮掩的“社会主义”良心,2022-11-23,47032,37:34,社科·法律·心理,,https://www.bilibili.com/video/BV11G4y147R2
993,BV11K411d7gG,【路线批判】反对学院派圈子里的一种幼稚的宗派主义和寄生性的政治投机活动——经济在里，政治在外,2022-11-23,54138,54:04,社科·法律·心理,,https://www.bilibili.com/video/BV11K411d7gG
994,BV1D84y1C78q,【随便聊聊】人类为什么吃肉,2022-11-25,56300,107:25,社科·法律·心理,,https://www.bilibili.com/video/BV1D84y1C78q
995,BV1UK411975N,【现实观察】论国内平台上的所谓“激进”的匿名用户,2022-11-26,36853,04:18,社科·法律·心理,,https://www.bilibili.com/video/BV1UK411975N
996,BV1xg411p7CB,【现实观察】认清国内外各个平台上的所谓的“网络流亡家”,2022-11-26,45059,29:08,社科·法律·心理,,https://www.bilibili.com/video/BV1xg411p7CB
997,BV1i14y1n7nq,【意识形态批判】网络左翼分子的虚假的“匿名性”实际上只是小资产阶级的卑劣的政治投机性,2022-11-26,46480,31:23,社科·法律·心理,,https://www.bilibili.com/video/BV1i14y1n7nq
998,BV1N84y1y7Ey,【现实观察】除此之外别无他路：直接而言，常备万用宝；长远而言，工益是最大的公益,2022-11-26,80764,23:34,社科·法律·心理,,https://www.bilibili.com/video/BV1N84y1y7Ey
999,BV1p14y1n726,【现实观察】为什么一定要充分保障一线劳工群众的健康权,2022-11-27,77658,33:01,社科·法律·心理,,https://www.bilibili.com/video/BV1p14y1n726
1000,BV1qv4y1d7mx,【意识形态批判】小布尔乔亚与自发性,2022-11-29,121519,131:31,社科·法律·心理,,https://www.bilibili.com/video/BV1qv4y1d7mx
1001,BV1Be4y1g732,【生活与哲学】唯一正确的哲学学习方式——第二人称射击游戏,2022-12-01,80457,35:30,社科·法律·心理,,https://www.bilibili.com/video/BV1Be4y1g732
1002,BV1MD4y1Y75D,【随便聊聊】关于足球,2022-12-03,76683,78:22,社科·法律·心理,,https://www.bilibili.com/video/BV1MD4y1Y75D
1003,BV1eG4y1R7Cp,【现实观察】激流网？绝不！,2022-12-04,49237,49:36,社科·法律·心理,,https://www.bilibili.com/video/BV1eG4y1R7Cp
1004,BV1d44y1U77W,【现实观察】2022年的最大笑话：别的江湖豪杰也就算了，激流网也有资格说我“改良”？,2022-12-04,64113,16:45,社科·法律·心理,,https://www.bilibili.com/video/BV1d44y1U77W
1005,BV1j14y1J7GW,【现实观察】从黑中介对“同工同酬”的歪曲到一种反动的工团主义,2022-12-05,28874,27:23,社科·法律·心理,,https://www.bilibili.com/video/BV1j14y1J7GW
1006,BV13e4y1u71T,【现实观察】不可幻想一种资本主义劳动总纪律的崩溃，不可幻想一种绕开工团主义的凭空成熟，不可幻想一种知识分子的天兵天将下凡,2022-12-05,52370,38:28,社科·法律·心理,,https://www.bilibili.com/video/BV13e4y1u71T
1007,BV16M411B7os,【随便聊聊】如何理解“经济”，如何直观地把握一种社会主义经济,2022-12-07,27527,29:36,社科·法律·心理,,https://www.bilibili.com/video/BV16M411B7os
1008,BV14M411B7dk,【意识形态批判】有人说在这个时代学马克思要先黑格尔就像学物理要先学牛顿？这些人显然过于愚昧,2022-12-07,42861,07:18,社科·法律·心理,,https://www.bilibili.com/video/BV14M411B7dk
1009,BV1CM411B7YF,【意识形态批判】我不管你读不读马克思，因为你必须读，而要成为马克思，必须阅读黑格尔,2022-12-07,63244,57:34,社科·法律·心理,,https://www.bilibili.com/video/BV1CM411B7YF
1010,BV16g411H7GK,【行动建议】行动者学习黑格尔的目的：抢夺释经权、攻防意识形态、切入市民社会,2022-12-07,47601,31:02,社科·法律·心理,,https://www.bilibili.com/video/BV16g411H7GK
1011,BV1V14y1K7ke,【现实观察】住在厂主家里给厂主小孩做老师的外宾教师爷，还搁这贼喊捉贼？,2022-12-07,44015,03:30,社科·法律·心理,,https://www.bilibili.com/video/BV1V14y1K7ke
1012,BV1w8411L7a7,【随便聊聊】我的钱从哪里来的？你的钱从哪里来的？你们也真好意思的？,2022-12-07,46670,08:03,社科·法律·心理,,https://www.bilibili.com/video/BV1w8411L7a7
1013,BV1aW4y1g73w,【现实观察】有些人吃人家的，嘴长嘴短自己心里没数？你有本事把教职退了，铁饭碗丢了，真的做群众工作？,2022-12-07,66233,04:40,社科·法律·心理,,https://www.bilibili.com/video/BV1aW4y1g73w
1014,BV1yD4y1h751,【现实观察】我们绝非出身论者，而是重视这些人身上的人身依附关系,2022-12-08,30656,27:11,社科·法律·心理,,https://www.bilibili.com/video/BV1yD4y1h751
1015,BV17P4y1X7im,【意识形态批判】回应对于我的立场的无端污蔑，旗帜鲜明地反对煲灶二元论,2022-12-08,47137,25:59,社科·法律·心理,,https://www.bilibili.com/video/BV17P4y1X7im
1016,BV1144y1m7m3,【随便聊聊】论卖苏打水和做解放者,2022-12-09,46408,157:27,社科·法律·心理,,https://www.bilibili.com/video/BV1144y1m7m3
1017,BV1F84y1r74W,【项目追踪】工益午餐纪实——营养星期四现在改在星期六了，它的试办和两次正式活动的片段,2022-12-09,49807,22:33,社科·法律·心理,,https://www.bilibili.com/video/BV1F84y1r74W
1018,BV1aK41197Ae,【意识形态批判】还在妄想在眼皮子底下搞儿戏般的政治投机的学院派野心家里出列宁？,2022-12-09,47437,25:05,社科·法律·心理,,https://www.bilibili.com/video/BV1aK41197Ae
1019,BV1AG411M7wY,【经营状况】2022年1-11月，我们的线上线下经营性活动的状况,2022-12-09,36479,24:25,社科·法律·心理,,https://www.bilibili.com/video/BV1AG411M7wY
1020,BV1TG411M7KG,【转播嘉宾】第四次新魔怔壬视频制作大赛决赛之夜,2022-12-09,82076,244:14,社科·法律·心理,,https://www.bilibili.com/video/BV1TG411M7KG
1021,BV1924y1Q7J9,【现实观察】对这些人的一点遗憾,2022-12-10,46670,14:08,社科·法律·心理,,https://www.bilibili.com/video/BV1924y1Q7J9
1022,BV1DG4y137hm,【行动建议】遵守集体纪律，成为集体份子，坚持集体主义,2022-12-10,30298,16:46,社科·法律·心理,,https://www.bilibili.com/video/BV1DG4y137hm
1023,BV1LG4y137Js,【行动建议】反对、隔绝乃至制止集体内部和边缘的自由主义投机——行动者的指导者的绝对义务,2022-12-10,54161,27:32,社科·法律·心理,,https://www.bilibili.com/video/BV1LG4y137Js
1024,BV1j84y1r7FC,【行动建议】真正团结的集体应在政治经济纪律的前提下充分尊重包容成员的爱欲自由,2022-12-11,44939,23:47,社科·法律·心理,,https://www.bilibili.com/video/BV1j84y1r7FC
1025,BV1vR4y1r7CT,【再次翻唱】秋风,2022-12-12,77666,04:42,翻唱,未明子歌集,https://www.bilibili.com/video/BV1vR4y1r7CT
1026,BV1uA41197j3,【作词翻唱】疏狂,2022-12-12,38456,02:37,翻唱,未明子歌集,https://www.bilibili.com/video/BV1uA41197j3
1027,BV1Gg411n7uq,【作词翻唱】转动的四季,2022-12-12,39942,03:38,翻唱,未明子歌集,https://www.bilibili.com/video/BV1Gg411n7uq
1028,BV1Le4y1M7yq,【作词翻唱】春天来吧,2022-12-12,91187,05:18,翻唱,未明子歌集,https://www.bilibili.com/video/BV1Le4y1M7yq
1029,BV1W44y1U7Ge,【作词翻唱】花影,2022-12-12,52660,04:43,翻唱,未明子歌集,https://www.bilibili.com/video/BV1W44y1U7Ge
1030,BV1kD4y1a7d9,【作词翻唱】在风波中不停留,2022-12-12,43751,04:28,翻唱,未明子歌集,https://www.bilibili.com/video/BV1kD4y1a7d9
1031,BV1A14y1T7Rh,【作词翻唱】秋叶,2022-12-12,128210,03:31,翻唱,未明子歌集,https://www.bilibili.com/video/BV1A14y1T7Rh
1032,BV16v4y1X7UN,【现实批判】列宁主义不是学生运动,2022-12-12,38156,06:42,社科·法律·心理,,https://www.bilibili.com/video/BV16v4y1X7UN
1033,BV13W4y1u7p8,【历史与实践】列宁主义首先是布尔什维克主义,2022-12-12,55420,39:03,社科·法律·心理,,https://www.bilibili.com/video/BV13W4y1u7p8
1034,BV1PM411U789,【活动记录】演讲和工作交流 （2022年12月10日）,2022-12-13,61711,106:12,社科·法律·心理,,https://www.bilibili.com/video/BV1PM411U789
1035,BV1xP4y1D7Nm,【实事求是】感谢一切诋毁，并做出一个通信允诺：五人以上包含三分之一体力劳动者的团体的联名信，我们一定会回应,2022-12-13,33202,13:10,社科·法律·心理,,https://www.bilibili.com/video/BV1xP4y1D7Nm
1036,BV1n14y1T7KX,【实事求是】言辞的分量和力道从哪来,2022-12-13,21620,07:26,社科·法律·心理,,https://www.bilibili.com/video/BV1n14y1T7KX
1037,BV1qg411n7QV,【实事求是】让我们局部地模仿一个公开发表意见的传统,2022-12-13,24948,06:48,社科·法律·心理,,https://www.bilibili.com/video/BV1qg411n7QV
1038,BV1oV4y1w7Lp,【现实观察】致塑料花们,2022-12-14,39199,21:53,社科·法律·心理,,https://www.bilibili.com/video/BV1oV4y1w7Lp
1039,BV1iV4y1w7VL,【现实揭露】请话实先生说实话（上）——谁是话实先生？,2022-12-14,37132,08:02,社科·法律·心理,,https://www.bilibili.com/video/BV1iV4y1w7VL
1040,BV1XD4y1a7Zb,【现实揭露】请话实先生说实话（下）——激流网的核心理论与中国崛起策,2022-12-14,52949,27:38,社科·法律·心理,,https://www.bilibili.com/video/BV1XD4y1a7Zb
1041,BV1fe411w79H,【回应批评】如果你太笨了，就不要搞理论（二）——回应所谓的自发和自觉二元对立的黑格尔主义指控,2022-12-14,47902,11:31,社科·法律·心理,,https://www.bilibili.com/video/BV1fe411w79H
1042,BV1uK411z7Ue,【回应批评】如果你太笨了，就不要搞理论（三）——怎样引导阶级力量对比的变化？,2022-12-14,26830,09:28,社科·法律·心理,,https://www.bilibili.com/video/BV1uK411z7Ue
1043,BV1Hv4y197BN,【回应批评】如果你太笨了，就不要搞理论（四）——谁做到了公开和秘密的结合？我！谁没有？你们！,2022-12-14,26626,06:49,社科·法律·心理,,https://www.bilibili.com/video/BV1Hv4y197BN
1044,BV1cM411S7bH,【回应批评】如果你太笨了，就不要搞理论（五）——说我是当代武训？武训有什么群众基础？,2022-12-14,30949,08:25,社科·法律·心理,,https://www.bilibili.com/video/BV1cM411S7bH
1045,BV1Y8411p7eT,【行动路线】小三权和大三权到底是什么？,2022-12-14,54639,10:20,社科·法律·心理,,https://www.bilibili.com/video/BV1Y8411p7eT
1046,BV1a14y1N7GT,【回应批评】如果你太笨了，就不要搞理论（六）——我当然不是黑格尔主义者，你当然也不是马克思主义者,2022-12-14,60772,20:55,社科·法律·心理,,https://www.bilibili.com/video/BV1a14y1N7GT
1047,BV1oM411U7k4,【广而告之】如果你在近期因健康原因遭遇了劳动权益的损害，我们提供完全免费的劳动保障咨询,2022-12-14,75957,03:41,社科·法律·心理,,https://www.bilibili.com/video/BV1oM411U7k4
1048,BV1VG4y1g799,【唯物主义】从锂电池出发，思考一种新的资本主义观和无产阶级观,2022-12-16,47300,75:09,社科·法律·心理,,https://www.bilibili.com/video/BV1VG4y1g799
1049,BV1c8411p7Je,【现实观察】也论四证合一,2022-12-17,40410,61:40,社科·法律·心理,,https://www.bilibili.com/video/BV1c8411p7Je
1050,BV17P4y1B7b3,【生活建议】打工人怎么办？——要从打工人变成工人,2022-12-18,52889,27:29,职业职场,,https://www.bilibili.com/video/BV17P4y1B7b3
1051,BV13A411R7jZ,【随便聊聊】不要小看了互保,2022-12-18,43988,23:16,社科·法律·心理,,https://www.bilibili.com/video/BV13A411R7jZ
1052,BV1JV4y1c7Zh,【行动策略】给工益午餐的可复制性兜底的制胜法宝——饺子,2022-12-19,42183,15:11,社科·法律·心理,,https://www.bilibili.com/video/BV1JV4y1c7Zh
1053,BV1SP4y1B7q2,【回应批评】倾销的经济实质就是“让渡”剩余价值给消费者？——到底谁对于政治经济学更无知？,2022-12-21,29071,40:48,社科·法律·心理,,https://www.bilibili.com/video/BV1SP4y1B7q2
1054,BV1q84y147pn,【回应批评】我卖苏打水，到底剥削了谁？,2022-12-21,60024,23:22,社科·法律·心理,,https://www.bilibili.com/video/BV1q84y147pn
1055,BV128411n7Mf,【现实观察】网络上左翼人士的最基本的道德底线,2022-12-21,61919,12:22,社科·法律·心理,,https://www.bilibili.com/video/BV128411n7Mf
1056,BV14e411c77r,【现实与哲学】一个重要的节点：可复制性；资本vs团结,2022-12-22,34306,21:01,社科·法律·心理,,https://www.bilibili.com/video/BV14e411c77r
1057,BV1tA411X7Yq,【现实观察】虽然但是，请停止你的视jian行为,2022-12-23,172728,02:58,社科·法律·心理,,https://www.bilibili.com/video/BV1tA411X7Yq
1058,BV1F24y1Q7pm,【意识形态批判】这个“大院”太小了,2022-12-23,61987,22:22,社科·法律·心理,,https://www.bilibili.com/video/BV1F24y1Q7pm
1059,BV1fA411X7Aq,【辩证唯物主义】家庭、法律与动员力——为什么我们的实践目前是列宁-马克思主义的,2022-12-24,58867,84:15,社科·法律·心理,,https://www.bilibili.com/video/BV1fA411X7Aq
1060,BV113411Q7Sh,【历史与现实】“革命”工联主义就是资本主义——列宁主义者并无将工联主义“革命化”的历史任务,2022-12-25,51255,116:50,社科·法律·心理,,https://www.bilibili.com/video/BV113411Q7Sh
1061,BV1mG4y177du,【随便聊聊】我永远属于第三世界,2022-12-27,62386,48:24,社科·法律·心理,,https://www.bilibili.com/video/BV1mG4y177du
1062,BV1FA411Q7FU,【现实观察】历史进入了一种嵌套关系,2022-12-28,60355,23:10,社科·法律·心理,,https://www.bilibili.com/video/BV1FA411Q7FU
1063,BV1We4y157kZ,【现实观察】我们要比冬泳怪鸽更怪！奥利给！,2022-12-29,73802,37:56,社科·法律·心理,,https://www.bilibili.com/video/BV1We4y157kZ
1064,BV1314y1A783,【意识形态学】我认为的“奥利给”的真相,2022-12-30,28206,11:18,社科·法律·心理,,https://www.bilibili.com/video/BV1314y1A783
1065,BV1Qd4y187W2,【现实观察】力量无处不在，只是你们视而不见,2022-12-30,44518,65:47,社科·法律·心理,,https://www.bilibili.com/video/BV1Qd4y187W2
1066,BV11Y411U7Mt,【行动建议】先有车，后有房——要围绕强大的物质机器团结起来,2022-12-30,54985,19:30,社科·法律·心理,,https://www.bilibili.com/video/BV11Y411U7Mt
1067,BV1c8411E7ac,【行动路线】工益是最大的公益——激发工人的公益性以成就更高层次的工益,2023-01-01,36294,14:00,社科·法律·心理,,https://www.bilibili.com/video/BV1c8411E7ac
1068,BV1PK41127xQ,【工益公益】要打有准备的仗来搞定那些地头蛇,2023-01-02,68718,25:35,社科·法律·心理,,https://www.bilibili.com/video/BV1PK41127xQ
1069,BV1jP4y1i77V,【随便聊聊】争当“红”心黑子头！我很需要被“保”护！——希望黑子可以多发一些举报不掉的黑我的帖子,2023-01-03,45699,30:16,社科·法律·心理,,https://www.bilibili.com/video/BV1jP4y1i77V
1070,BV1B3411U7qN,【随便聊聊】要向红心黑子头的最有力候选人黑哥儿学习！,2023-01-03,60301,15:13,社科·法律·心理,,https://www.bilibili.com/video/BV1B3411U7qN
1071,BV1uA411D7Kp,【现实观察】要坚决斩断的一条罪恶链条,2023-01-04,54121,17:32,社科·法律·心理,,https://www.bilibili.com/video/BV1uA411D7Kp
1072,BV1d24y1Y7uB,【行动建议】怎样才算活动家？如何参与我们的活动？谁有资格评价我？,2023-01-05,27458,26:37,社科·法律·心理,,https://www.bilibili.com/video/BV1d24y1Y7uB
1073,BV1te4y1371d,【意识形态批判】“保卫我们的现代生活”？够了，太蠢了,2023-01-05,108951,35:58,社科·法律·心理,,https://www.bilibili.com/video/BV1te4y1371d
1074,BV17W4y157bw,【直播回放】关乎群众生活的现实的社会主义,2023-01-06,96656,200:37,社科·法律·心理,,https://www.bilibili.com/video/BV17W4y157bw
1075,BV11Y41117Nb,【现实观察】谨防自身免疫病（非医学指导，如有相关疾病请主动就医遵医嘱）,2023-01-08,55926,35:27,社科·法律·心理,,https://www.bilibili.com/video/BV11Y41117Nb
1076,BV1vD4y1p7R9,【现实观察】论四种工团主义——的流俗意识形态化身,2023-01-10,49331,221:17,社科·法律·心理,,https://www.bilibili.com/video/BV1vD4y1p7R9
1077,BV1fx4y1G7rj,【行动路线】如果我要开厂，我会生产什么,2023-01-11,45548,36:42,社科·法律·心理,,https://www.bilibili.com/video/BV1fx4y1G7rj
1078,BV1w24y1Y7HY,【意识形态批判】旗帜鲜明地反对一种四象合一的建政论,2023-01-12,43130,71:24,社科·法律·心理,,https://www.bilibili.com/video/BV1w24y1Y7HY
1079,BV1rG4y1A7SM,【随便聊聊】关于几个民间舆论平台,2023-01-13,115028,162:47,社科·法律·心理,,https://www.bilibili.com/video/BV1rG4y1A7SM
1080,BV1yW4y137Lg,【行动建议】各地的工益小组要谨防破坏分子的破坏活动,2023-01-15,36341,20:54,社科·法律·心理,,https://www.bilibili.com/video/BV1yW4y137Lg
1081,BV1614y1M7kQ,【意识形态批判】职场是什么,2023-01-16,58865,56:10,社科·法律·心理,,https://www.bilibili.com/video/BV1614y1M7kQ
1082,BV1AM41187kf,【随便聊聊】底层小资产阶级之声,2023-01-17,106781,200:07,社科·法律·心理,,https://www.bilibili.com/video/BV1AM41187kf
1083,BV1aR4y1a7Hw,【阶级阶级】我的第二个体系——阶级学,2023-01-19,71821,65:46,社科·法律·心理,,https://www.bilibili.com/video/BV1aR4y1a7Hw
1084,BV1SD4y1J7ig,【随便聊聊】别再扯什么中医西医了,2023-01-20,87575,153:49,社科·法律·心理,,https://www.bilibili.com/video/BV1SD4y1J7ig
1085,BV1Q24y167wk,【行动建议】克服两极思维，思考比例关系，关注力量对比,2023-01-21,30956,60:30,社科·法律·心理,,https://www.bilibili.com/video/BV1Q24y167wk
1086,BV1Jy4y1d75q,【阶级阶级】预备部分——该体系的阶次关系；阶级物（1）——客体化的象征秩序,2023-01-21,41594,32:41,社科·法律·心理,,https://www.bilibili.com/video/BV1Jy4y1d75q
1087,BV13D4y1n7yu,【随便聊聊】不可复制性，恰恰意味着，不可调和性；但无论如何，它是现实的不可能性,2023-01-22,50159,29:40,社科·法律·心理,,https://www.bilibili.com/video/BV13D4y1n7yu
1088,BV1x3411o74a,【意识形态批判】旗帜鲜明地反对作为披着马克思主义皮的督工论的社会化抚养——兼批判各种监工论变体,2023-01-23,93806,54:35,社科·法律·心理,,https://www.bilibili.com/video/BV1x3411o74a
1089,BV1vY4y1o7J6,【我们的道路】主人不需要仆人来抚养，更不欢迎敌人的走卒来欺骗，民间社会主义者如何用现实行动，来巩固和发展劳动群众的主人翁地位,2023-01-24,74948,28:45,社科·法律·心理,,https://www.bilibili.com/video/BV1vY4y1o7J6
1090,BV1T34y1f7hs,【行动建议】我们的道路，现实的道路,2023-01-26,36718,19:36,社科·法律·心理,,https://www.bilibili.com/video/BV1T34y1f7hs
1091,BV1D3411R7Lu,【实事求是】Seize the Seizor！工益活动的革命意义——夺取生产资料的第一步：夺取夺取者,2023-01-26,65868,05:33,社科·法律·心理,,https://www.bilibili.com/video/BV1D3411R7Lu
1092,BV1zv4y1k7Ei,【随便聊聊】不做工团主义的病原体，要做社会主义的蛋白质,2023-01-29,25745,31:03,社科·法律·心理,,https://www.bilibili.com/video/BV1zv4y1k7Ei
1093,BV1jM411B7VZ,【游戏设计】小人国里的巨人——一个虚拟现实/扩展现实的游戏点子,2023-01-29,34291,07:05,设计·创意,,https://www.bilibili.com/video/BV1jM411B7VZ
1094,BV1Zv4y167Ei,【实事求是】论战争和革命的关系——兼反驳中帝论和半外围论,2023-01-31,93457,84:56,社科·法律·心理,,https://www.bilibili.com/video/BV1Zv4y167Ei
1095,BV1UT411R78L,【工益公益】对于工益团体的经济活动和团队建设的建议,2023-02-01,34087,169:30,社科·法律·心理,,https://www.bilibili.com/video/BV1UT411R78L
1096,BV1LR4y187Vd,【随便聊聊】用亲身经历聊聊何为权力,2023-02-03,76876,87:39,社科·法律·心理,,https://www.bilibili.com/video/BV1LR4y187Vd
1097,BV1wd4y1n79F,【阶级阶级】平等物（1-1）——对无产阶级施加物质性统治的统治性物质,2023-02-04,52512,37:46,社科·法律·心理,,https://www.bilibili.com/video/BV1wd4y1n79F
1098,BV1EY411q7mv,【工益公益】工益志愿者要善于识别、排斥、远离、驱除两类投机分子,2023-02-06,29805,23:13,社科·法律·心理,,https://www.bilibili.com/video/BV1EY411q7mv
1099,BV1Gv4y1b7Ao,【一个倡议】要对打着社会主义旗号的匿名诈骗投机分子进行反击,2023-02-06,26128,15:51,社科·法律·心理,,https://www.bilibili.com/video/BV1Gv4y1b7Ao
1100,BV1bT411X7Mt,【随便聊聊】从一个反面案例谈工益团体保持独立的必要性,2023-02-07,24350,65:16,社科·法律·心理,,https://www.bilibili.com/video/BV1bT411X7Mt
1101,BV1bG4y1T7j5,【随便聊聊】工益团体绝不挂靠！,2023-02-07,29436,23:25,社科·法律·心理,,https://www.bilibili.com/video/BV1bG4y1T7j5
1102,BV1Jj411K79j,【工益公益】工益小组不是政治组织，重要的不是加入小组，而是践行社会主义,2023-02-09,35740,45:21,社科·法律·心理,,https://www.bilibili.com/video/BV1Jj411K79j
1103,BV1qT411R7e9,【实事求是】工益活动是一种群众运动,2023-02-10,28565,18:30,社科·法律·心理,,https://www.bilibili.com/video/BV1qT411R7e9
1104,BV17s4y1a7KC,【行动建议】绝不指望背后有大哥,2023-02-13,36571,33:16,社科·法律·心理,,https://www.bilibili.com/video/BV17s4y1a7KC
1105,BV1DY411e7Sr,【现实观察】如何面对AI时代——共产主义者应乐见社会化大生产的内在矛盾的发展，并与其技术成就相结合以满足人民需求，扭转阶级力量对比,2023-02-16,69664,52:02,社科·法律·心理,,https://www.bilibili.com/video/BV1DY411e7Sr
1106,BV12M411P7HX,【当务之急】应以什么样的姿态与物质现实结合起来,2023-02-17,53535,83:49,社科·法律·心理,,https://www.bilibili.com/video/BV12M411P7HX
1107,BV17v4y1W7Va,【现实观察】在一个越来越冷的春天里更要学会抱团取暖,2023-02-19,41766,27:31,社科·法律·心理,,https://www.bilibili.com/video/BV17v4y1W7Va
1108,BV1b84y1H7Dh,【意识形态分析】什么叫做“是自己人”？,2023-02-20,39656,21:48,社科·法律·心理,,https://www.bilibili.com/video/BV1b84y1H7Dh
1109,BV1Ty4y1Z7uH,【随便聊聊】不要黄金要人心,2023-02-21,25226,36:43,社科·法律·心理,,https://www.bilibili.com/video/BV1Ty4y1Z7uH
1110,BV1TR4y1v7Wr,【一贯立场】呼吁两个提高，鼓励就地团结,2023-02-21,28797,31:20,社科·法律·心理,,https://www.bilibili.com/video/BV1TR4y1v7Wr
1111,BV1DX4y1X7rj,【意识形态批判】不要做小黑子——“鸡你太美”背后的意识形态，此类腐鼠可以严肃解剖，不可嬉笑食用,2023-02-23,101019,71:07,社科·法律·心理,,https://www.bilibili.com/video/BV1DX4y1X7rj
1112,BV1SM41177qb,【一个预告】我们的网站未来将具有的一个核心功能,2023-02-24,31838,18:49,社科·法律·心理,,https://www.bilibili.com/video/BV1SM41177qb
1113,BV1v54y1c7RT,【随便聊聊】关于哲学考研,2023-02-25,54463,27:31,社科·法律·心理,,https://www.bilibili.com/video/BV1v54y1c7RT
1114,BV1Ng4y1H7kT,【阶级阶级】什么是小资产阶级（2）？小资产阶级如何克服自己的小资产阶级性？小资产阶级如何成为行动者？,2023-02-25,92984,31:48,社科·法律·心理,,https://www.bilibili.com/video/BV1Ng4y1H7kT
1115,BV1G24y1n7Bd,【工益公益】一个建议：不要让苍蝇混进蜜蜂当中,2023-02-28,19049,36:53,社科·法律·心理,,https://www.bilibili.com/video/BV1G24y1n7Bd
1116,BV1JY4y1m7sy,【行动建议】让那些做梦的伪左翼自生自灭，让那些梦游的伪行动者自行摔碎,2023-02-28,44136,38:21,社科·法律·心理,,https://www.bilibili.com/video/BV1JY4y1m7sy
1117,BV1U84y1N76s,【工益公益】工益团体要赚钱应该干什么行业,2023-03-01,28908,23:44,社科·法律·心理,,https://www.bilibili.com/video/BV1U84y1N76s
1118,BV1b24y1V7Ms,【现实观察】要盯紧房子的抵押价格和出租价格,2023-03-02,42109,29:40,社科·法律·心理,,https://www.bilibili.com/video/BV1b24y1V7Ms
1119,BV1E54y1u7Qu,【随便聊聊】如何进入哲学以及何为离开哲学,2023-03-03,96694,102:08,社科·法律·心理,,https://www.bilibili.com/video/BV1E54y1u7Qu
1120,BV1J84y1P7i2,【行动建议】工益小组如何拒绝收编和招安,2023-03-05,24067,13:54,社科·法律·心理,,https://www.bilibili.com/video/BV1J84y1P7i2
1121,BV1S8411F7Es,【随便聊聊】人类通往真正的共产主义的物质准备——实质性的物联网体系,2023-03-07,45959,95:49,社科·法律·心理,,https://www.bilibili.com/video/BV1S8411F7Es
1122,BV14x4y1T7vw,【实事求是】关于对名义的要求的动态更新,2023-03-09,19968,14:28,社科·法律·心理,,https://www.bilibili.com/video/BV14x4y1T7vw
1123,BV1ax4y1T7EG,【情况说明】上海数个工益小组正在合力帮助一位罹受工伤的外卖员,2023-03-09,38559,16:23,日常,,https://www.bilibili.com/video/BV1ax4y1T7EG
1124,BV1dY411B74s,【行动路线】无产者最重要的是吃饱和住安全，工益团体最重要的是帮助无产者吃好和休息好,2023-03-12,33722,25:07,社科·法律·心理,,https://www.bilibili.com/video/BV1dY411B74s
1125,BV1684y1A7Fq,【行动建议】避免走上邪路，如何走向正路,2023-03-14,67692,89:57,社科·法律·心理,,https://www.bilibili.com/video/BV1684y1A7Fq
1126,BV1354y1T7yG,【行动路线】增进劳动群众的营养和健康,2023-03-16,14767,20:50,社科·法律·心理,,https://www.bilibili.com/video/BV1354y1T7yG
1127,BV1NT411k7yD,【行动路线】工益活动的第二步——讲卫生促健康,2023-03-16,19670,20:02,社科·法律·心理,,https://www.bilibili.com/video/BV1NT411k7yD
1128,BV12P411Z7k8,【实事求是】要做劳动群众的好闺蜜,2023-03-17,37527,33:57,社科·法律·心理,,https://www.bilibili.com/video/BV12P411Z7k8
1129,BV1LX4y1Z7gS,【生活建议】无产者自我解放的首要义务：避免成为作为现代奴隶的负产阶级,2023-03-19,57383,35:36,社科·法律·心理,,https://www.bilibili.com/video/BV1LX4y1Z7gS
1130,BV1Ms4y1n7xR,【现实观察】当务之急：不要做梦,2023-03-22,67915,20:38,社科·法律·心理,,https://www.bilibili.com/video/BV1Ms4y1n7xR
1131,BV1WM411g7mw,【工益路线】发扬平等的合作精神，开启同城工益内循环,2023-03-24,26568,26:23,社科·法律·心理,,https://www.bilibili.com/video/BV1WM411g7mw
1132,BV15k4y1i74J,【随便聊聊】不做孔乙己，也不做丁举人，要做——,2023-03-29,77808,34:30,社科·法律·心理,,https://www.bilibili.com/video/BV15k4y1i74J
1133,BV1Aj411w7TS,【随便聊聊】年轻人性苦闷了怎么办,2023-03-31,148132,158:23,社科·法律·心理,,https://www.bilibili.com/video/BV1Aj411w7TS
1134,BV1Wv4y1p7YW,【现实观察】首先关心对不劳动不得食的劳动群众的子女的幼儿教育,2023-04-03,34759,59:04,社科·法律·心理,,https://www.bilibili.com/video/BV1Wv4y1p7YW
1135,BV1oh411u7Ak,【工益项目】主义主义工益网站的新功能以及内测情况介绍,2023-04-04,15996,21:21,社科·法律·心理,,https://www.bilibili.com/video/BV1oh411u7Ak
1136,BV19s4y127q5,【现实观察】要做地上学鸠，不做笼里鲲鹏,2023-04-04,46166,48:59,社科·法律·心理,,https://www.bilibili.com/video/BV19s4y127q5
1137,BV1co4y1p7P4,【现实观察】资本主义需要不可抗力,2023-04-06,32989,35:07,社科·法律·心理,,https://www.bilibili.com/video/BV1co4y1p7P4
1138,BV17L411U75K,【工益公益】要有机的聚合，不要无机的聚集——盲目追求规模的扩大，是一种小资产阶级投机,2023-04-06,28513,29:30,社科·法律·心理,,https://www.bilibili.com/video/BV17L411U75K
1139,BV1o24y157iQ,【随便聊聊】国际资产阶级一定会重新启用人工智能,2023-04-08,38094,09:50,社科·法律·心理,,https://www.bilibili.com/video/BV1o24y157iQ
1140,BV18T411x72E,【随便聊聊】AI意味着什么,2023-04-08,85149,108:16,社科·法律·心理,,https://www.bilibili.com/video/BV18T411x72E
1141,BV1hh411M7kk,【随便聊聊】要善于扬弃资本主义的植物性,2023-04-11,40953,130:18,社科·法律·心理,,https://www.bilibili.com/video/BV1hh411M7kk
1142,BV1eT411W7zW,【现实观察】为什么我国永远是发展中国家——因为当人类真正发展好了，世界将不再以国别划分,2023-04-12,76526,72:46,社科·法律·心理,,https://www.bilibili.com/video/BV1eT411W7zW
1143,BV1Zh4y1p7BX,【工益公益】以太苏打水的最终归宿：给各地工益小组的载具支援计划,2023-04-12,33807,33:54,社科·法律·心理,,https://www.bilibili.com/video/BV1Zh4y1p7BX
1144,BV1zX4y1r73q,【随便聊聊】天坑专业的文科小知识分子怎么办？,2023-04-14,75120,127:45,社科·法律·心理,,https://www.bilibili.com/video/BV1zX4y1r73q
1145,BV1rc411n77G,【行动建议】务必吃苦耐劳，不要违法犯罪,2023-04-17,44747,15:53,社科·法律·心理,,https://www.bilibili.com/video/BV1rc411n77G
1146,BV1Dh4y1W7wb,【随便聊聊】在历史的灶台上做饭,2023-04-18,37826,96:48,社科·法律·心理,,https://www.bilibili.com/video/BV1Dh4y1W7wb
1147,BV1UM4y1y7bS,【现实观察】谁应当最后富起来，为什么说后富服务先富？,2023-04-19,61421,30:28,社科·法律·心理,,https://www.bilibili.com/video/BV1UM4y1y7bS
1148,BV1nV4y1f76U,【行动建议】工益俱乐部——通过体育锻炼和竞技将群众结合起来,2023-04-21,28712,45:44,社科·法律·心理,,https://www.bilibili.com/video/BV1nV4y1f76U
1149,BV1zT411n7it,【随便聊聊】论鸡娃教育,2023-04-22,98366,140:48,社科·法律·心理,,https://www.bilibili.com/video/BV1zT411n7it
1150,BV1eV4y1R7Z8,【随便聊聊】外卖骑手怎么办,2023-04-25,63241,171:06,社科·法律·心理,,https://www.bilibili.com/video/BV1eV4y1R7Z8
1151,BV1cs4y1w7ze,【工益公益】关于西安的讲座和北京的皮村，务必防范卷入旋涡的风险,2023-04-28,32021,54:12,社科·法律·心理,,https://www.bilibili.com/video/BV1cs4y1w7ze
1152,BV1Fh4y1H7Nf,【随便聊聊】关于青少年的精神娱乐,2023-04-28,106030,97:58,社科·法律·心理,,https://www.bilibili.com/video/BV1Fh4y1H7Nf
1153,BV1co4y1t7re,【工益训练】三至五人协同跑,2023-04-30,27403,21:31,社科·法律·心理,,https://www.bilibili.com/video/BV1co4y1t7re
1154,BV1QM411G7v5,【现实与哲学】论人类的意识、意志、理性,2023-05-02,43860,28:27,社科·法律·心理,,https://www.bilibili.com/video/BV1QM411G7v5
1155,BV1Hz4y1h7yR,【随便聊聊】缚住苍龙——要做缚住普罗米修斯的锁链,2023-05-02,31274,21:42,社科·法律·心理,,https://www.bilibili.com/video/BV1Hz4y1h7yR
1156,BV1s14y1Z7bk,【随便聊聊】从“泰裤辣”说开去,2023-05-02,96412,47:45,社科·法律·心理,,https://www.bilibili.com/video/BV1s14y1Z7bk
1157,BV16T411b7V5,【随便聊聊】问题的关键是养老,2023-05-05,61225,149:28,社科·法律·心理,,https://www.bilibili.com/video/BV16T411b7V5
1158,BV1C24y1T7ci,【辩证唯物主义】要善于利用现实与规定的关系，获得行动的主导权,2023-05-07,44694,76:43,社科·法律·心理,,https://www.bilibili.com/video/BV1C24y1T7ci
1159,BV1Mo4y1V7QG,【随便聊聊】做奴才都不够格的两种幼稚,2023-05-09,77452,48:50,社科·法律·心理,,https://www.bilibili.com/video/BV1Mo4y1V7QG
1160,BV1dg4y157cJ,【行动建议】工益团体要避免被地方上的某些腐败势力利用,2023-05-10,16067,11:07,社科·法律·心理,,https://www.bilibili.com/video/BV1dg4y157cJ
1161,BV1so4y1c7iv,【现实观察】我眼中的限跌令,2023-05-10,51871,15:29,社科·法律·心理,,https://www.bilibili.com/video/BV1so4y1c7iv
1162,BV1Lo4y147ox,【现实观察】揭露一种拙劣的把戏——隐藏在否定国际共运必然性的历史虚无主义之下的肮脏的意识形态手段,2023-05-11,91723,48:20,社科·法律·心理,,https://www.bilibili.com/video/BV1Lo4y147ox
1163,BV1Fu411t7GP,【现实观察】不可姑息反动史观,2023-05-11,75923,54:41,社科·法律·心理,,https://www.bilibili.com/video/BV1Fu411t7GP
1164,BV1RM4y147Y2,【工益倡议】将纳粹史观的鼓吹者，纳入不受欢迎人士名单,2023-05-11,68880,12:28,社科·法律·心理,,https://www.bilibili.com/video/BV1RM4y147Y2
1165,BV19u41147qq,【历史唯物主义】恋“中立的历史学家”“完全客观、真实的史料”癖，是一种资产阶级癔症,2023-05-11,85655,23:44,社科·法律·心理,,https://www.bilibili.com/video/BV19u41147qq
1166,BV1wk4y1L7Q2,【我是谁】无论是要批判我还是向我学习都要了解的基本情况,2023-05-12,93199,43:19,社科·法律·心理,,https://www.bilibili.com/video/BV1wk4y1L7Q2
1167,BV1rh411c7rV,【回应信件】精力不足的情况下如何通过学习改变命运——回杭州管同学,2023-05-13,51937,24:50,校园学习,,https://www.bilibili.com/video/BV1rh411c7rV
1168,BV1Ta4y137di,【回应信件】要积极面对家庭矛盾的影响——回资阳芮同学,2023-05-13,39520,17:59,日常,,https://www.bilibili.com/video/BV1Ta4y137di
1169,BV1GP411R7wD,【回应信件】如何避免成为魔怔“左”———回毕节吴同学,2023-05-14,59928,47:44,社科·法律·心理,,https://www.bilibili.com/video/BV1GP411R7wD
1170,BV1zT411t7mN,【回应信件】去服务业实习的学生工如何维护自己的尊严和权益——回南京酒店专业范同学,2023-05-15,26606,20:23,职业职场,,https://www.bilibili.com/video/BV1zT411t7mN
1171,BV1Hg4y1V7pb,【工益公益】我们绝不搞知识付费&工益活动应提供免费家教（以及对于佐伊23搞知识星球的评价）,2023-05-15,32909,11:36,社科·法律·心理,,https://www.bilibili.com/video/BV1Hg4y1V7pb
1172,BV13L41167Xh,【历史唯物主义】如何识别出那些走在纳粹罪恶道路上的历史败类,2023-05-16,76992,95:24,社科·法律·心理,,https://www.bilibili.com/video/BV13L41167Xh
1173,BV1Bs4y1g7QM,【现实观察】要时刻提防那些扭捏作态扮演社会良心的匿名互联网骗子,2023-05-16,18617,08:28,社科·法律·心理,,https://www.bilibili.com/video/BV1Bs4y1g7QM
1174,BV1mz4y1t7SF,【现实观察】如果有陌生人打着“失业”的幌子向你要钱,2023-05-17,20131,11:34,社科·法律·心理,,https://www.bilibili.com/video/BV1mz4y1t7SF
1175,BV1Pm4y1874J,【行动建议】为什么我一定要公开实名？为什么一定要提防匿名募款的诈骗风险！,2023-05-17,31387,09:16,社科·法律·心理,,https://www.bilibili.com/video/BV1Pm4y1874J
1176,BV17M4y1q7sP,【随便聊聊】把脱口秀脱光,2023-05-18,87216,51:33,社科·法律·心理,,https://www.bilibili.com/video/BV17M4y1q7sP
1177,BV1Jo4y1G7W1,【生活建议】如果你正处于经济困难之中，请不要花钱在我身上，而应当这样做,2023-05-19,40610,18:33,社科·法律·心理,,https://www.bilibili.com/video/BV1Jo4y1G7W1
1178,BV1QP411X7Vh,【回应信件】结构主义不仅是一种哲学，工益团体应如何看待外围网左——回白原及其建议,2023-05-20,25261,43:57,社科·法律·心理,,https://www.bilibili.com/video/BV1QP411X7Vh
1179,BV1Qz4y1t7Hk,【回应信件】忠于生命中的否定性——回咖灰和中南大学一位大一学生,2023-05-20,42848,42:44,社科·法律·心理,,https://www.bilibili.com/video/BV1Qz4y1t7Hk
1180,BV1Hm4y1876G,【回应信件】高考后的假期如何过；可否享受文化产品的乐趣——回遵义艾同学,2023-05-20,64723,38:31,社科·法律·心理,,https://www.bilibili.com/video/BV1Hm4y1876G
1181,BV1Ys4y1q7PP,【自学课堂】集合论（1）,2023-05-22,63821,120:30,社科·法律·心理,,https://www.bilibili.com/video/BV1Ys4y1q7PP
1182,BV1Xu411x7Rw,【意识形态批判】坚决拒绝种族歧视：反黑？只会把自己抹黑,2023-05-23,112093,35:36,社科·法律·心理,,https://www.bilibili.com/video/BV1Xu411x7Rw
1183,BV1BM4y1v7Ac,【自学课堂】集合论（2）,2023-05-23,19995,157:57,校园学习,,https://www.bilibili.com/video/BV1BM4y1v7Ac
1184,BV1Ym4y1t7SL,【自学课堂】集合论（3）,2023-05-24,19520,155:19,校园学习,,https://www.bilibili.com/video/BV1Ym4y1t7SL
1185,BV1js4y1T7FG,【自学课堂】辩证法的历险（1）,2023-05-25,158965,203:03,校园学习,,https://www.bilibili.com/video/BV1js4y1T7FG
1186,BV1Qc411A7j2,【自学课堂】辩证法的历险（2）,2023-05-26,46772,124:21,社科·法律·心理,,https://www.bilibili.com/video/BV1Qc411A7j2
1187,BV14P411X7as,【意识形态批判】“社会化抚养”的全部秘密,2023-05-28,77025,104:05,社科·法律·心理,,https://www.bilibili.com/video/BV14P411X7as
1188,BV1zu411s7Q8,【自学课堂】辩证法的历险（3）,2023-05-29,35042,106:51,社科·法律·心理,,https://www.bilibili.com/video/BV1zu411s7Q8
1189,BV1vo4y137Vm,【随便聊聊】社会化抚养，要由我们来做！,2023-05-30,43407,85:46,社科·法律·心理,,https://www.bilibili.com/video/BV1vo4y137Vm
1190,BV1DN411y7wW,【自学课堂】辩证法的历险（4）,2023-05-30,31463,97:23,社科·法律·心理,,https://www.bilibili.com/video/BV1DN411y7wW
1191,BV1BV4y1z767,【自学课堂】辩证法的历险（5）,2023-05-31,31122,124:09,社科·法律·心理,,https://www.bilibili.com/video/BV1BV4y1z767
1192,BV1v24y1P7b8,【工益公益】Geist餐饮店苏州地区的劳动餐内循环开始啦！,2023-06-01,36697,32:35,美食记录,,https://www.bilibili.com/video/BV1v24y1P7b8
1193,BV14c411V7hY,【自学课堂】辩证法的历险（6）,2023-06-01,23112,104:14,社科·法律·心理,,https://www.bilibili.com/video/BV14c411V7hY
1194,BV19o4y1M7hg,【工益公益】以太假说杯工益LOGO设计大赛的评选活动开始啦,2023-06-02,32106,29:40,日常,,https://www.bilibili.com/video/BV19o4y1M7hg
1195,BV1Wo4y1u7qa,【自学课堂】辩证法的历险（7）,2023-06-02,25750,111:35,社科·法律·心理,,https://www.bilibili.com/video/BV1Wo4y1u7qa
1196,BV1Lh4y1x7va,【现实观察】致准备高考的学生们,2023-06-04,61707,27:45,校园学习,,https://www.bilibili.com/video/BV1Lh4y1x7va
1197,BV1Wo4y1K7Ev,【自学课堂】辩证法的历险（8）,2023-06-05,20844,131:56,社科·法律·心理,,https://www.bilibili.com/video/BV1Wo4y1K7Ev
1198,BV1X8411o7fj,【工益公益】去摆摊，去做家教，去打工，去讨生活——工益小组中临近毕业而难以就业的大学生成员的首要任务,2023-06-06,53816,58:46,社科·法律·心理,,https://www.bilibili.com/video/BV1X8411o7fj
1199,BV1mz4y1q7bt,【自学课堂】辩证法的历险（9）,2023-06-06,21141,128:10,社科·法律·心理,,https://www.bilibili.com/video/BV1mz4y1q7bt
1200,BV1z8411Z7gC,【自学课堂】辩证法的历险（10）,2023-06-07,21789,133:11,社科·法律·心理,,https://www.bilibili.com/video/BV1z8411Z7gC
1201,BV1fu411a7BJ,【工益公益】工益精神永不死，只要定期踢足球，踢球就送苏打水,2023-06-08,39062,29:47,社科·法律·心理,,https://www.bilibili.com/video/BV1fu411a7BJ
1202,BV12h4y197z2,【自学课堂】辩证法的历险（11）,2023-06-08,27913,132:08,社科·法律·心理,,https://www.bilibili.com/video/BV12h4y197z2
1203,BV1NX4y1h7Ay,【随便聊聊】回忆高考，准备迎接历史的大考,2023-06-09,76623,83:19,社科·法律·心理,,https://www.bilibili.com/video/BV1NX4y1h7Ay
1204,BV1ho4y1N7RT,【现实观察】宁为鼠首，不为鸭脖,2023-06-12,67842,24:09,社科·法律·心理,,https://www.bilibili.com/video/BV1ho4y1N7RT
1205,BV1Hh4y1R7hQ,【自学课堂】辩证法的历险（12）,2023-06-12,23151,132:38,社科·法律·心理,,https://www.bilibili.com/video/BV1Hh4y1R7hQ
1206,BV17m4y1v7Dd,【自学课堂】辩证法的历险（13）,2023-06-13,23936,134:13,社科·法律·心理,,https://www.bilibili.com/video/BV17m4y1v7Dd
1207,BV1214y1S76T,【自学课堂】辩证法的历险（14）,2023-06-14,18633,124:38,社科·法律·心理,,https://www.bilibili.com/video/BV1214y1S76T
1208,BV1xj411X7jb,【自学课堂】辩证法的历险（15）,2023-06-15,19385,99:46,社科·法律·心理,,https://www.bilibili.com/video/BV1xj411X7jb
1209,BV1fh411T7SA,【深入巷尾】巷尾经济学之灵活就业的摆摊指南,2023-06-17,30856,62:12,社科·法律·心理,,https://www.bilibili.com/video/BV1fh411T7SA
1210,BV1To4y1E766,【现实观察】纯粹暴力的想象性化身——翟欣欣为什么能逼死苏享茂，如何防止小朋友想不开走极端，做家长的一定要看到最后,2023-06-18,80686,50:10,社科·法律·心理,,https://www.bilibili.com/video/BV1To4y1E766
1211,BV1fh411N7cu,【自学课堂】辩证法的历险（16）,2023-06-19,25979,152:03,社科·法律·心理,,https://www.bilibili.com/video/BV1fh411N7cu
1212,BV1eP411q7fM,【自学课堂】辩证法的历险（17）,2023-06-21,25402,161:40,社科·法律·心理,,https://www.bilibili.com/video/BV1eP411q7fM
1213,BV19N411S7Wx,【自学课堂】辩证法的历险（18）,2023-06-22,24639,66:30,社科·法律·心理,,https://www.bilibili.com/video/BV19N411S7Wx
1214,BV1tX4y1s7Yr,【随便聊聊】油车好于电车,2023-06-26,65394,55:38,社科·法律·心理,,https://www.bilibili.com/video/BV1tX4y1s7Yr
1215,BV13j411S7Qd,【自学课堂】辩证法的历险（19）,2023-06-26,19953,101:26,社科·法律·心理,,https://www.bilibili.com/video/BV13j411S7Qd
1216,BV1Zs4y1r7Ti,【自学课堂】辩证法的历险（20）,2023-06-27,19030,102:37,社科·法律·心理,,https://www.bilibili.com/video/BV1Zs4y1r7Ti
1217,BV1ds4y1r76h,【随便聊聊】文科生怎么办？,2023-06-29,89654,135:16,社科·法律·心理,,https://www.bilibili.com/video/BV1ds4y1r76h
1218,BV1Dh411P7rF,【自学课堂】辩证法的历险（21）,2023-06-29,18705,95:12,社科·法律·心理,,https://www.bilibili.com/video/BV1Dh411P7rF
1219,BV1As4y1k7U7,【自学课堂】辩证法的历险（22）,2023-06-30,14865,88:45,社科·法律·心理,,https://www.bilibili.com/video/BV1As4y1k7U7
1220,BV1os4y1F7M8,【意识形态批判】《消失的她》真正消失的是哪个她？,2023-07-01,116106,80:00,社科·法律·心理,,https://www.bilibili.com/video/BV1os4y1F7M8
1221,BV1mg4y1A7QM,【历史与现实】斯大林是大清洗的幸存者而不是胜利者,2023-07-03,129547,39:12,社科·法律·心理,,https://www.bilibili.com/video/BV1mg4y1A7QM
1222,BV1nh411A7pk,【意识形态批判】旗帜鲜明地反对虚假的中右翼的“人民”史观,2023-07-03,90687,87:14,社科·法律·心理,,https://www.bilibili.com/video/BV1nh411A7pk
1223,BV1Xh4y1M7Au,【同城餐饮】内循环新品推荐：牛排饭,2023-07-03,53517,15:05,美食测评,,https://www.bilibili.com/video/BV1Xh4y1M7Au
1224,BV1rh411A7vK,【立场宣示】致一切关心芬兰内战、苏芬战争、曼纳海姆相关历史议题的人士,2023-07-04,56482,16:17,社科·法律·心理,,https://www.bilibili.com/video/BV1rh411A7vK
1225,BV15X4y1H7W4,【现实观察】打着“历史调研”的名义蔓延在青年头脑中的一股白色逆流,2023-07-04,83192,34:40,社科·法律·心理,,https://www.bilibili.com/video/BV15X4y1H7W4
1226,BV1dV4y1a7AK,【社会现实】什么，是网络暴力？,2023-07-05,49668,07:45,日常,,https://www.bilibili.com/video/BV1dV4y1a7AK
1227,BV1nX4y1H7vU,【自学课堂】辩证法的历险（23）,2023-07-06,17314,143:59,社科·法律·心理,,https://www.bilibili.com/video/BV1nX4y1H7vU
1228,BV1qh411A7zH,【工益公益】一定要过好眼前这一关,2023-07-06,34019,11:48,社科·法律·心理,,https://www.bilibili.com/video/BV1qh411A7zH
1229,BV1Ch4y177x3,【民间呼吁】作为北约爪牙的乌克兰当局应立即释放米哈伊尔·科诺诺维奇兄弟,2023-07-06,51966,07:12,日常,,https://www.bilibili.com/video/BV1Ch4y177x3
1230,BV1Vh411A7ob,【自学课堂】辩证法的历险（24）,2023-07-06,22697,139:50,社科·法律·心理,,https://www.bilibili.com/video/BV1Vh411A7ob
1231,BV1Xa4y1F7tw,【历史与现实】邀请“曼纳海姆系列”的作者回答这四个问题,2023-07-07,92361,42:27,社科·法律·心理,,https://www.bilibili.com/video/BV1Xa4y1F7tw
1232,BV1Ug4y1c7EW,【三小时现实】对于工益活动的整体性辩护——同时教科书般地回击了一段最没有水平的中伤,2023-07-08,77407,195:07,社科·法律·心理,,https://www.bilibili.com/video/BV1Ug4y1c7EW
1233,BV1tu411577R,【立场宣示】我不怕输官司,2023-07-11,50988,10:16,社科·法律·心理,,https://www.bilibili.com/video/BV1tu411577R
1234,BV1MV411T7BJ,【自学课堂】辩证法的历险（25）,2023-07-11,20328,99:13,社科·法律·心理,,https://www.bilibili.com/video/BV1MV411T7BJ
1235,BV1ck4y1N7pQ,【随便聊聊】致“铁拳”——欢迎一切社会力量的全方位监督,2023-07-13,97934,240:51,社科·法律·心理,,https://www.bilibili.com/video/BV1ck4y1N7pQ
1236,BV1G14y1d7Bi,【随便聊聊】论暴力——一个成熟的列宁主义者的必修课,2023-07-13,82944,57:02,社科·法律·心理,,https://www.bilibili.com/video/BV1G14y1d7Bi
1237,BV1u14y197vL,【行动路线】创办植青企业,2023-07-16,44943,65:38,社科·法律·心理,,https://www.bilibili.com/video/BV1u14y197vL
1238,BV1DV411N7uH,【自强不息】为了致我们于死地，某些人不择手段毫无底线，捏造事实公开诬陷，炮制材料批量举报,2023-07-17,54276,12:07,社科·法律·心理,,https://www.bilibili.com/video/BV1DV411N7uH
1239,BV1cj411o7W9,【回应信件】身处偏远县城，如何帮助外卖骑手,2023-07-18,40899,12:58,日常,,https://www.bilibili.com/video/BV1cj411o7W9
1240,BV1Xx4y1R7Tg,【自学课堂】辩证法的历险（26）,2023-07-18,27411,132:15,社科·法律·心理,,https://www.bilibili.com/video/BV1Xx4y1R7Tg
1241,BV1mu411V7Te,【自学课堂】辩证法的历险（27）,2023-07-20,19518,99:27,社科·法律·心理,,https://www.bilibili.com/video/BV1mu411V7Te
1242,BV11m4y177SP,【以太假说】苏打水促销奖励：精神分析卡组和工益背包客计划,2023-07-21,35561,10:22,日常,,https://www.bilibili.com/video/BV11m4y177SP
1243,BV1UM4y1s7S2,【意识形态批判】如来？若至？就这！,2023-07-25,98868,59:26,社科·法律·心理,,https://www.bilibili.com/video/BV1UM4y1s7S2
1244,BV1m14y1X7iJ,【自学课堂】辩证法的历险（28）,2023-07-26,23764,84:23,社科·法律·心理,,https://www.bilibili.com/video/BV1m14y1X7iJ
1245,BV1bc411w7eC,【随便聊聊】给严肃哲学以勇气，给庸俗哲学以同情,2023-07-28,93659,138:05,社科·法律·心理,,https://www.bilibili.com/video/BV1bc411w7eC
1246,BV1Cj41167dB,【意识形态批判】《罗刹海市》？实不副名,2023-07-31,106723,154:21,社科·法律·心理,,https://www.bilibili.com/video/BV1Cj41167dB
1247,BV1t8411d78V,【现实观察】如何看待可能出现的室温超导？——论科学革命的首要使命：治愈上个时代的暴烈技术文明留下的创伤,2023-08-03,54096,34:41,社科·法律·心理,,https://www.bilibili.com/video/BV1t8411d78V
1248,BV1N94y1C7xU,【意识形态批判】去他的“时代与天道”,2023-08-04,100856,147:42,社科·法律·心理,,https://www.bilibili.com/video/BV1N94y1C7xU
1249,BV1Kj411r79a,【现实观察】哲学的自甘堕落，必须唾弃,2023-08-05,99755,123:30,社科·法律·心理,,https://www.bilibili.com/video/BV1Kj411r79a
1250,BV1D94y1r7SS,【活动公告】苏打水促销活动结果和奖励报销公告,2023-08-10,16883,10:09,日常,,https://www.bilibili.com/video/BV1D94y1r7SS
1251,BV1nV41137re,【现实观察】老寿星和蒙面侠,2023-08-11,38297,46:00,社科·法律·心理,,https://www.bilibili.com/video/BV1nV41137re
1252,BV1uV4y1v7JW,【现实观察】史料？史料决定史观？先史料后立场？是你的可怜脑子的饲料,2023-08-11,58497,21:36,社科·法律·心理,,https://www.bilibili.com/video/BV1uV4y1v7JW
1253,BV1K14y1q7BU,【随便聊聊】斯大林——历史调研室有这么多粉丝的哲学原因，一种崇拜史料的伪唯物主义恋物癖,2023-08-11,113876,17:22,社科·法律·心理,,https://www.bilibili.com/video/BV1K14y1q7BU
1254,BV1f94y1r7Ze,【自学课堂】辩证法的历险（29）,2023-08-11,31492,132:31,社科·法律·心理,,https://www.bilibili.com/video/BV1f94y1r7Ze
1255,BV1S84y1f79b,【随便聊聊】不好意思，某些历史研究者，对历史一无所知,2023-08-15,57490,103:10,社科·法律·心理,,https://www.bilibili.com/video/BV1S84y1f79b
1256,BV1p94y1678K,【广而告之】即刻停止对我的公开侮辱和迫害，否则我将采取法律手段保护我的合法利益,2023-08-15,58384,20:40,社科·法律·心理,,https://www.bilibili.com/video/BV1p94y1678K
1257,BV11r4y1d7xu,【生活建议】英雄无用武之地时，更要坚持一种有益的形式主义,2023-08-16,34940,18:55,社科·法律·心理,,https://www.bilibili.com/video/BV11r4y1d7xu
1258,BV1RF411y7qm,【历史与现实】国际共产主义者致民族主义者和爱国主义者：一定要消灭曼纳海姆，一定要维护斯大林！我们绝不能容许失势精英集团和落魄野心家走出新的分离主义道路,2023-08-16,62639,60:35,社科·法律·心理,,https://www.bilibili.com/video/BV1RF411y7qm
1259,BV1QN411z7Fi,【随便聊聊】不是所有工作都适合走群众路线，某些工作尤其要避免形式主义,2023-08-16,44750,13:21,社科·法律·心理,,https://www.bilibili.com/video/BV1QN411z7Fi
1260,BV1B14y1i72k,【揭露犯罪&郑重呼吁】 B站/知乎平台即刻封禁该名用户，对应自然人速速向公安机关自首,2023-08-17,70282,07:57,社科·法律·心理,,https://www.bilibili.com/video/BV1B14y1i72k
1261,BV1FV411F782,【生活与哲学】钓鱼的奥秘——处在二元对立界面上的一种特殊的自由,2023-08-18,44479,31:38,社科·法律·心理,,https://www.bilibili.com/video/BV1FV411F782
1262,BV1rP411s7ea,【奉劝一句】我当然安然无恙，而某些人不要越陷越深,2023-08-19,38527,21:07,社科·法律·心理,,https://www.bilibili.com/video/BV1rP411s7ea
1263,BV1n841197JK,【意识形态批判】旗帜鲜明地反对一切形式的分离主义——其实质是全球资本主义的后殖民主义先锋,2023-08-19,54586,25:51,社科·法律·心理,,https://www.bilibili.com/video/BV1n841197JK
1264,BV1MN4y1d7f2,【随便聊聊】优化秩序，建设合力，推动历史,2023-08-20,54748,129:04,社科·法律·心理,,https://www.bilibili.com/video/BV1MN4y1d7f2
1265,BV1wP411W7pe,【生活建议】善用超量恢复能力，加强体力脑力锻炼,2023-08-22,84982,34:43,社科·法律·心理,,https://www.bilibili.com/video/BV1wP411W7pe
1266,BV1b14y117Cx,【意识形态学】为什么有人会抢购碘盐防辐射？我们应该如何对待这类人？,2023-08-25,83131,56:01,社科·法律·心理,,https://www.bilibili.com/video/BV1b14y117Cx
1267,BV1gG411d7fx,【现实观察】我始终相信勤劳勇敢的中国人民，是智慧的，是淳朴的，是善良的,2023-08-29,81976,56:13,社科·法律·心理,,https://www.bilibili.com/video/BV1gG411d7fx
1268,BV1zu411A7th,【广而告之】我们接下来的发展方向、经营模式和产品、服务,2023-08-31,52324,70:34,社科·法律·心理,,https://www.bilibili.com/video/BV1zu411A7th
1269,BV1wj411m7GK,【勇者招募】GEIST与红庄爱心小屋双线翻修！植青俱乐部预热招募，来就送会员体验卡。,2023-09-01,72522,02:23,日常,植青小屋,https://www.bilibili.com/video/BV1wj411m7GK
1270,BV1rP411h7VJ,【随便聊聊】给女青年的生活建议,2023-09-05,113588,57:59,社科·法律·心理,,https://www.bilibili.com/video/BV1rP411h7VJ
1271,BV1xh4y1P7QT,【生活建议】多运动，多吃肉,2023-09-08,57512,48:11,日常,,https://www.bilibili.com/video/BV1xh4y1P7QT
1272,BV1yk4y1c7tG,【意识形态学】靡道人为什么火？,2023-09-09,74129,42:02,社科·法律·心理,,https://www.bilibili.com/video/BV1yk4y1c7tG
1273,BV1Zp4y1L7QE,【生活建议】如何发展一项能力,2023-09-12,66197,46:27,社科·法律·心理,,https://www.bilibili.com/video/BV1Zp4y1L7QE
1274,BV1Rh4y1w7Ca,【现实观察】技术至上论不可取——光刻机、芯片制程的突破到底有什么意义,2023-09-14,60967,52:16,社科·法律·心理,,https://www.bilibili.com/video/BV1Rh4y1w7Ca
1275,BV19K4y1c7x9,【现实观察】眉笔卖79块钱到底贵不贵？,2023-09-16,79535,73:13,社科·法律·心理,,https://www.bilibili.com/video/BV19K4y1c7x9
1276,BV1Zp4y1A7xT,【意识形态与现实】什么才是意识形态上的心腹大患？,2023-09-16,96919,13:38,社科·法律·心理,,https://www.bilibili.com/video/BV1Zp4y1A7xT
1277,BV1ek4y1F7qQ,【意识形态观察】自居“皇汉”？你配吗？——什么是严格意义上的汉民族主义，为什么绝大部分现代人不配不敢不能也不应该以真正的汉民族主义者自居,2023-09-19,119486,57:51,社科·法律·心理,,https://www.bilibili.com/video/BV1ek4y1F7qQ
1278,BV1M8411i7e4,【仁至义尽】对所谓“皇汉”的最后一番话,2023-09-23,85640,92:06,社科·法律·心理,,https://www.bilibili.com/video/BV1M8411i7e4
1279,BV1qz4y137Z6,【行动建议】生生不息——要在现实中将人生的成就和生命的意义创造出来并传授开来,2023-09-25,72446,48:55,社科·法律·心理,,https://www.bilibili.com/video/BV1qz4y137Z6
1280,BV1AN411E7SP,【线下经营】植青俱乐部会员服务介绍——欢迎大家假期来玩！,2023-09-28,72036,31:41,日常,,https://www.bilibili.com/video/BV1AN411E7SP
1281,BV12z4y1F7A5,【哲学与现实】前现代性——每个共产主义者都必须严肃思考的问题,2023-10-10,95525,68:24,社科·法律·心理,,https://www.bilibili.com/video/BV12z4y1F7A5
1282,BV1mm4y1g7VU,【随便聊聊】关于最近两场音乐节上发生的事,2023-10-11,79714,94:28,社科·法律·心理,,https://www.bilibili.com/video/BV1mm4y1g7VU
1283,BV11w411r7tp,"【现实观察】我有很多问题，无需答案——虎兕出于柙,龟玉毁于椟中,是谁之过与?",2023-10-11,78724,41:37,社科·法律·心理,,https://www.bilibili.com/video/BV11w411r7tp
1284,BV1cw411k7Kk,【现实观察】强烈谴责以色列右翼殖民当局和犹太复国主义者的恐怖行径,2023-10-13,79048,25:02,社科·法律·心理,,https://www.bilibili.com/video/BV1cw411k7Kk
1285,BV1Vw411c7Cd,【意识形态观察】枯枝着火成新炬——特殊性正在向普遍性转化,2023-10-13,74527,15:00,社科·法律·心理,,https://www.bilibili.com/video/BV1Vw411c7Cd
1286,BV1fB4y1Z7to,【现实观察】前现代儒教迷信残余，理当一扫而空,2023-10-16,81044,28:02,社科·法律·心理,,https://www.bilibili.com/video/BV1fB4y1Z7to
1287,BV1xw41167Kh,【意识形态学】儒教前现代意识形态复苏的根本原因，是虚无主义者们本应承担却逃避的重大责任,2023-10-19,51461,13:25,社科·法律·心理,,https://www.bilibili.com/video/BV1xw41167Kh
1288,BV1FH4y197x3,【现实观察】从加沙医院被轰炸的人间惨剧说开来,2023-10-19,110366,110:17,社科·法律·心理,,https://www.bilibili.com/video/BV1FH4y197x3
1289,BV1QH4y197pL,【现实观察】他们正在自寻死路自绝于人类，绝不应该给他们提供任何支持和帮助,2023-10-25,72813,23:51,社科·法律·心理,,https://www.bilibili.com/video/BV1QH4y197pL
1290,BV1Uy4y1P7hM,【意识形态观察】从科大讯飞的麻烦说开去,2023-10-26,71837,74:25,社科·法律·心理,,https://www.bilibili.com/video/BV1Uy4y1P7hM
1291,BV1cz4y1N7HR,【前现代与现代】要比先秦贵族更懂得“天命”的道理——靡不有初、永恒轮回 vs 鲜克有终、绝对否定,2023-10-31,69331,58:33,社科·法律·心理,,https://www.bilibili.com/video/BV1cz4y1N7HR
1292,BV1sN411G72W,【现实观察】从富士康的工时制调整说开来,2023-11-05,53514,134:24,社科·法律·心理,,https://www.bilibili.com/video/BV1sN411G72W
1293,BV1UM411Q7it,【随便聊聊】底层家庭如果非要卷学历教育，可以让孩子往哪些方向发展,2023-11-05,125535,163:29,社科·法律·心理,,https://www.bilibili.com/video/BV1UM411Q7it
1294,BV1vu4y1877t,【现实观察】为今之计，在于再赦——“或跃在渊，无咎”，针对性地不去咎责劳苦大众在渊底腾跃的过失，才能飞龙在天,2023-11-10,64844,75:59,社科·法律·心理,,https://www.bilibili.com/video/BV1vu4y1877t
1295,BV1tQ4y187zH,【随便聊聊】某些人在外网消停点,2023-11-12,106633,121:37,社科·法律·心理,,https://www.bilibili.com/video/BV1tQ4y187zH
1296,BV1iC4y127gJ,【践踏逆流】何为“塔学”——穷则侍“塔”以穴、达则弑“祂”以学，从“键政”的键盘而来，冲“泉学”的泉水而去,2023-11-13,112798,80:44,社科·法律·心理,,https://www.bilibili.com/video/BV1iC4y127gJ
1297,BV1Ha4y1D71F,【舞文弄墨】一副半对联,2023-11-14,38349,12:12,人文历史,,https://www.bilibili.com/video/BV1Ha4y1D71F
1298,BV1GH4y1q73V,【随便聊聊】适可而止，键政的末路狂欢,2023-11-15,63276,75:22,社科·法律·心理,,https://www.bilibili.com/video/BV1GH4y1q73V
1299,BV12a4y1S71j,【实事求是】坚守爱国主义底线，我的两个保证和倡议,2023-11-15,69714,10:29,社科·法律·心理,,https://www.bilibili.com/video/BV12a4y1S71j
1300,BV1wG411D7Ps,【现实观察】不要成为键政罪恶产业链上的炮灰,2023-11-17,108813,168:15,社科·法律·心理,,https://www.bilibili.com/video/BV1wG411D7Ps
1301,BV1nu4y1P7S7,【现实观察】警惕和防范针对青少年的意识形态渗透,2023-11-19,96015,63:34,社科·法律·心理,,https://www.bilibili.com/video/BV1nu4y1P7S7
1302,BV1ZC4y1j7HK,【植青俱乐部】项目记录_1_2023_10,2023-11-19,57757,02:29,日常,植青生活服务往期项目记录,https://www.bilibili.com/video/BV1ZC4y1j7HK
1303,BV11N411T7bs,【现实观察】聚啸赛博的“键政党”——妨害人民群众网上议政，污染网络意识形态空间的乱源,2023-11-21,75879,43:06,社科·法律·心理,,https://www.bilibili.com/video/BV11N411T7bs
1304,BV1UQ4y1b79R,【行动建议】冬寒更须植青——只有倾心尽力地帮助就业困难的青年学生，才能从根上消解知识青年的网络舆论乱象,2023-11-21,78786,40:59,社科·法律·心理,,https://www.bilibili.com/video/BV1UQ4y1b79R
1305,BV15N41177z8,【现实观察】决不容忍城市小资喉舌妄图把无产青年绑上自由派战车的反动行径——无产化？小资化？青年生存方向的历史运动对垒,2023-11-26,88408,56:49,社科·法律·心理,,https://www.bilibili.com/video/BV15N41177z8
1306,BV1Tb4y1M7i1,【生活建议】无产青年应留在城市发展，无产夫妇应回老家买房，然后继续回城市社群发展,2023-11-28,42527,16:29,社科·法律·心理,,https://www.bilibili.com/video/BV1Tb4y1M7i1
1307,BV1CM411o7aL,【生活建议】真正的力量是什么！为什么广大无产青年应对小资产阶级虚伪的激进化嗤之以鼻,2023-11-28,60653,22:29,社科·法律·心理,,https://www.bilibili.com/video/BV1CM411o7aL
1308,BV1A64y177sZ,【实事求是】我不是媒体人，我在现实里做现实的有利于大家长远利益的事，以及为什么单单是评价某些小资产阶级媒体人，就是在侮辱我自己,2023-11-28,85434,50:19,社科·法律·心理,,https://www.bilibili.com/video/BV1A64y177sZ
1309,BV1p64y15787,【现实观察】对于现实中的中马库和托派的总论断,2023-12-08,43681,25:36,社科·法律·心理,,https://www.bilibili.com/video/BV1p64y15787
1310,BV15j411L7qv,【实事求是】这是一组许多青年不愿看到但必须记住的真相,2023-12-08,126109,33:29,社科·法律·心理,,https://www.bilibili.com/video/BV15j411L7qv
1311,BV1bu4y1u7GW,【实事求是】“富哥，V50”老登版,2023-12-12,92407,131:46,社科·法律·心理,,https://www.bilibili.com/video/BV1bu4y1u7GW
1312,BV1cc411S7ne,【随便聊聊】小市民才分文理，大英雄兼修文武,2023-12-14,69340,81:10,社科·法律·心理,,https://www.bilibili.com/video/BV1cc411S7ne
1313,BV1264y1V7ft,【哲学与生活】何为深刻？——获得纵向直观的能力,2023-12-16,73763,43:01,社科·法律·心理,,https://www.bilibili.com/video/BV1264y1V7ft
1314,BV1FG411Y72T,【实事求是】揭露某些老牌原教旨投机客的罪恶产业链,2023-12-17,69929,54:53,社科·法律·心理,,https://www.bilibili.com/video/BV1FG411Y72T
1315,BV14C4y1S7BP,【现实观察】文化形式和民间对权力的想象性建构,2023-12-20,76114,75:59,社科·法律·心理,,https://www.bilibili.com/video/BV14C4y1S7BP
1316,BV1Gg4y1y7TX,【现实观察】作为小资化失败的无产青年组建后现代遥情共同体的意识形态基准面的丁胖子金牌讲师,2023-12-24,75502,70:28,社科·法律·心理,,https://www.bilibili.com/video/BV1Gg4y1y7TX
1317,BV1GN4y1x7X5,【随便聊聊】道不同而为之谋——讲再多别人的睡前消息也需要学会做自己的梦,2023-12-28,72378,80:14,社科·法律·心理,,https://www.bilibili.com/video/BV1GN4y1x7X5
1318,BV1B94y1g7Yz,【回应信件】不要让性认同和性享乐成为生活的主旋律——致一位二十二周岁的网友,2024-01-03,63000,51:44,社科·法律·心理,,https://www.bilibili.com/video/BV1B94y1g7Yz
1319,BV16g4y1r7nH,【回应信件】致贵州毕节的吴同学和他的四个小伙伴,2024-01-03,26944,77:53,社科·法律·心理,,https://www.bilibili.com/video/BV16g4y1r7nH
1320,BV1a64y1E71u,【回应信件】致一位和可鄙的裙带资产阶级二代“白富美”分手的农民工二代,2024-01-03,39372,42:45,社科·法律·心理,,https://www.bilibili.com/video/BV1a64y1E71u
1321,BV1Yg4y1r7jo,【回应信件】致一位父母无辜而不幸被地痞殴打的青年,2024-01-03,22595,40:06,社科·法律·心理,,https://www.bilibili.com/video/BV1Yg4y1r7jo
1322,BV1Rc411b7zP,【回应信件】致沈阳金姓朋友——脑力无产者归根结底是体力无产者,2024-01-03,21950,18:38,社科·法律·心理,,https://www.bilibili.com/video/BV1Rc411b7zP
1323,BV1Xi4y1B7U8,【回应信件】致贵阳的龚姓同志——要敢于、善于接受并利用历史的局限和不足,2024-01-03,33091,53:28,社科·法律·心理,,https://www.bilibili.com/video/BV1Xi4y1B7U8
1324,BV1Z94y1g7iC,【回应信件】要认识到学习哲学的严重性——致一位南京的凌姓小朋友,2024-01-04,37751,57:50,社科·法律·心理,,https://www.bilibili.com/video/BV1Z94y1g7iC
1325,BV11e411m7to,【回应信件】可以考虑更直接地满足现实的设计需求——致一位四川的中年失业的女建筑师,2024-01-04,18650,16:14,社科·法律·心理,,https://www.bilibili.com/video/BV11e411m7to
1326,BV15e411i7z4,【回应信件】你的选择你自己做，和我无关——致西南某省的富二代高中生,2024-01-04,44267,20:38,社科·法律·心理,,https://www.bilibili.com/video/BV15e411i7z4
1327,BV1u94y1u72q,【直播计划】未来半年我准备播什么,2024-01-07,53431,08:44,日常,,https://www.bilibili.com/video/BV1u94y1u72q
1328,BV1zi4y1q7Av,【回应信件】休以小吏臣仆自视，要做君主一般的主人翁来谋划自己的人生——致汕尾郑姓朋友,2024-01-09,18636,08:50,社科·法律·心理,,https://www.bilibili.com/video/BV1zi4y1q7Av
1329,BV13a4y117DV,【回应信件】不做听信术士妖言的奴隶是轻而易举的事情——致广东南山区刘同学,2024-01-09,19034,05:02,社科·法律·心理,,https://www.bilibili.com/video/BV13a4y117DV
1330,BV18k4y197dH,【回应信件】别搞什么托帕了，多关心关心自己的妹妹,2024-01-09,35950,25:47,社科·法律·心理,,https://www.bilibili.com/video/BV18k4y197dH
1331,BV1LT4y1n7iN,【回应信件】还火苗呢，不要到死都是一颗无用的小灰尘,2024-01-09,31625,26:58,社科·法律·心理,,https://www.bilibili.com/video/BV1LT4y1n7iN
1332,BV1KK411v7Sd,【回应信件】你心里的小九九和现实的大棋盘没有什么关系——致网名为影某水的朋友,2024-01-09,24940,16:32,社科·法律·心理,,https://www.bilibili.com/video/BV1KK411v7Sd
1333,BV1M5411i7LR,【回应信件】纯粹自恋的虚假政治化学术，不能带来任何意义上的解放，只有罪恶——致一位心理专业的本科生,2024-01-09,38002,32:33,社科·法律·心理,,https://www.bilibili.com/video/BV1M5411i7LR
1334,BV1iG411B7hn,【回应信件】考研努努力即可，没必要陷入偏执——致东南沿海某市工科专业冯同学,2024-01-09,28693,19:09,社科·法律·心理,,https://www.bilibili.com/video/BV1iG411B7hn
1335,BV1664y1K7DH,【回应信件】创造美好的实质，就能产生美好的外表——致一位审美焦虑的家里蹲女士,2024-01-09,35045,17:20,社科·法律·心理,,https://www.bilibili.com/video/BV1664y1K7DH
1336,BV1yg4y1U7qi,【回应信件】言论犯忌并不会牵连你的家人——致一位自称“受害者”的朋友,2024-01-09,23667,03:40,社科·法律·心理,,https://www.bilibili.com/video/BV1yg4y1U7qi
1337,BV1i94y1u7sd,【回应信件】一位放弃考研参加工作的青年的来信,2024-01-09,75038,15:39,社科·法律·心理,,https://www.bilibili.com/video/BV1i94y1u7sd
1338,BV1HV41197ho,【诗与现实】赠教谕——太宗赐萧瑀诗近解,2024-01-20,50915,44:58,社科·法律·心理,,https://www.bilibili.com/video/BV1HV41197ho
1339,BV1bC4y167Kd,【井边观察】假正经真民粹的“稳健”的实用主义表演家的低潮和机遇来了,2024-01-29,69788,44:52,社科·法律·心理,,https://www.bilibili.com/video/BV1bC4y167Kd
1340,BV1QF4m1T7ER,【自我评价】我能有什么权力？——我既不是搞键政的，也不是搞政治的，我是在我力所能及的范围内践行社会主义理念创造社会价值的,2024-02-08,72825,53:19,社科·法律·心理,,https://www.bilibili.com/video/BV1QF4m1T7ER
1341,BV1RC411s7Xj,【我的新体系】庶政学——数理政治哲学的标准模型（The Standard Model of Mathematical Political Philosophy）,2024-02-18,84846,68:48,社科·法律·心理,,https://www.bilibili.com/video/BV1RC411s7Xj
1342,BV1kt42187jJ,【现实观察】人不聪明，就不要讨论权力——为什么某两个媒体人会刻意提起“权力”？另外，给其他两个原教旨民粹主义媒体人/活动家和一个孟什维克活动家一些忠告,2024-02-21,51005,43:28,社科·法律·心理,,https://www.bilibili.com/video/BV1kt42187jJ
1343,BV1pj421Q735,【庶政学】预备工作（1）：庶政学的基本要素,2024-02-21,38163,15:32,社科·法律·心理,,https://www.bilibili.com/video/BV1pj421Q735
1344,BV1w6421u7N4,【庶政学】预备工作（2）：庶政学的复合要素,2024-02-21,41083,35:26,社科·法律·心理,,https://www.bilibili.com/video/BV1w6421u7N4
1345,BV1P2421u7hz,【庶政学】预备工作（3）：庶政学的特殊要素：乌托邦-天国-世俗享乐-敌托邦；以及一个实例,2024-03-03,22864,53:10,社科·法律·心理,,https://www.bilibili.com/video/BV1P2421u7hz
1346,BV1uK42147u7,【现实观察】如何看待那位勇敢而无罪的国际主义者,2024-03-03,81884,11:58,社科·法律·心理,,https://www.bilibili.com/video/BV1uK42147u7
1347,BV1Pi421o76F,【现实观察】论最近成立的所谓“美革共”，以及对于托派所谓“革共党”和“国际”的总评价,2024-03-09,37593,37:25,社科·法律·心理,,https://www.bilibili.com/video/BV1Pi421o76F
1348,BV1aw4m1d7Qg,【现实观察】打着旗帜做六种梦——MLM原教旨小将的六种实质立场,2024-03-09,53531,39:19,社科·法律·心理,,https://www.bilibili.com/video/BV1aw4m1d7Qg
1349,BV1RF4m1F7Nc,"【反反讽】看猫，头鹰！（Cats, leader eagle!）",2024-03-10,100164,09:07,翻唱,未明子歌集,https://www.bilibili.com/video/BV1RF4m1F7Nc
1350,BV1Ex4y1S7Mz,【植青】俱乐部公告：做好信息安全防范工作；其次：谈一谈我们的态度,2024-03-14,23425,11:56,日常,,https://www.bilibili.com/video/BV1Ex4y1S7Mz
1351,BV1TH4y1s7jw,【现实观察】警惕打着红色文旅幌子的跨省串联,2024-03-15,22743,37:25,社科·法律·心理,,https://www.bilibili.com/video/BV1TH4y1s7jw
1352,BV19x421C7aW,【现实观察】就算对现实再不满，也绝对不要加入有这三种特征的异议群组,2024-03-15,46200,48:08,社科·法律·心理,,https://www.bilibili.com/video/BV19x421C7aW
1353,BV13r42187SL,【庶政学】预备工作（4）：庶政学的特殊要素：建制-美德-统治-生存，四种客观极限,2024-03-16,18324,62:14,社科·法律·心理,,https://www.bilibili.com/video/BV13r42187SL
1354,BV1QF4m1c7zq,【政治哲学】拒绝低幼！拥抱严肃的、现实的、运动的权力哲学与政治哲学,2024-03-16,58059,18:33,社科·法律·心理,,https://www.bilibili.com/video/BV1QF4m1c7zq
1355,BV1P6421c7mf,【生活建议】邪恶确实存在——如何看待未成年恶性犯罪以及一般意义上的逃脱制裁的犯罪,2024-03-22,42152,24:21,社科·法律·心理,,https://www.bilibili.com/video/BV1P6421c7mf
1356,BV1Sp42127bJ,【警告】某个自媒体人士，即刻停止对我的严重不法侵害,2024-03-22,53102,01:22,社科·法律·心理,,https://www.bilibili.com/video/BV1Sp42127bJ
1357,BV1tK421i7NP,【现实观察】对内的地下意识形态斗争的关键,2024-03-26,32877,16:48,社科·法律·心理,,https://www.bilibili.com/video/BV1tK421i7NP
1358,BV1nC41187T4,【现实观察】对外的地缘意识形态斗争的关键,2024-03-26,44397,26:29,社科·法律·心理,,https://www.bilibili.com/video/BV1nC41187T4
1359,BV1eH4y1H73N,【庶政学】预备工作（5）——X轴左侧的情形：九连环，前现代政治斗争的根本模型,2024-03-30,36855,38:31,社科·法律·心理,,https://www.bilibili.com/video/BV1eH4y1H73N
1360,BV1FJ4m1V7nb,【庶政学】学了这一讲，你可以理解人类的一切制度——预备工作（6）,2024-04-08,33771,38:04,社科·法律·心理,,https://www.bilibili.com/video/BV1FJ4m1V7nb
1361,BV1fq421F7Hw,【庶政学】学了这一讲，你必须看透人类的一切行为——预备工作（7）,2024-04-08,37830,53:49,社科·法律·心理,,https://www.bilibili.com/video/BV1fq421F7Hw
1362,BV1ym411m7mu,【详细聊聊】成立植青公司，开展俱乐部项目，到底意味着什么,2024-04-13,45289,141:02,社科·法律·心理,,https://www.bilibili.com/video/BV1ym411m7mu
1363,BV1JF4m1P7zQ,【正式讲讲】我们的发展方向和我们的一个顾虑,2024-04-18,22484,21:36,社科·法律·心理,,https://www.bilibili.com/video/BV1JF4m1P7zQ
1364,BV1ix4y187Tw,【现实观察】婚姻到底意味着什么,2024-04-18,90492,25:26,社科·法律·心理,,https://www.bilibili.com/video/BV1ix4y187Tw
1365,BV1Mt421j7Dd,【深夜详谈】卓越人物看待死亡的几种错误方式,2024-04-20,81089,156:32,社科·法律·心理,,https://www.bilibili.com/video/BV1Mt421j7Dd
1366,BV1am421s78W,【现实观察】失业-不良就业青年的五重危机,2024-04-25,67273,49:08,社科·法律·心理,,https://www.bilibili.com/video/BV1am421s78W
1367,BV1pi42117pM,【行动建议】禁绝一切迷信活动,2024-04-26,39291,13:32,社科·法律·心理,,https://www.bilibili.com/video/BV1pi42117pM
1368,BV1GC411H71F,【经营建议】民间的社会主义者的经营活动的一般原则和较高原则,2024-04-26,27211,53:33,社科·法律·心理,,https://www.bilibili.com/video/BV1GC411H71F
1369,BV1us421K7o4,【随便聊聊】迷信——一种实为资本主义谵妄的伪-前现代残余,2024-04-29,62529,159:59,社科·法律·心理,,https://www.bilibili.com/video/BV1us421K7o4
1370,BV1p1421X7g4,【现实观察】美国校园抗议的根本原因、线索背景、直接原因和现实教训,2024-04-29,59639,18:47,社科·法律·心理,,https://www.bilibili.com/video/BV1p1421X7g4
1371,BV1Fx4y1B7NN,【意识形态分析】你过关+空外卖=堕落为精神小资产阶级的无产青年的意识形态枷锁,2024-05-06,113177,71:06,社科·法律·心理,,https://www.bilibili.com/video/BV1Fx4y1B7NN
1372,BV1Ft421g73h,【无足轻重】小屁孩失恋算什么,2024-05-11,42749,07:47,社科·法律·心理,,https://www.bilibili.com/video/BV1Ft421g73h
1373,BV1bC411j7tV,【鸡毛蒜皮】我没等待时机，他们在浪费时机,2024-05-11,14401,01:46,社科·法律·心理,,https://www.bilibili.com/video/BV1bC411j7tV
1374,BV1ei421Q7Vo,【职业发展】紧盯产业动向，不要局限于个体境遇,2024-05-11,15048,04:55,社科·法律·心理,,https://www.bilibili.com/video/BV1ei421Q7Vo
1375,BV1LT421X7g4,【简单来讲】什么叫成熟,2024-05-11,32822,01:50,社科·法律·心理,,https://www.bilibili.com/video/BV1LT421X7g4
1376,BV1EM4m1C7B8,【浪费时间】居心叵测的货色喜欢给白色势力洗白，我们直接现实站队了,2024-05-11,22971,10:41,社科·法律·心理,,https://www.bilibili.com/video/BV1EM4m1C7B8
1377,BV1tZ421j7VE,【简单说说】技术与政治，调笑境界论，炒股水很深，买房为后代，艺术生如何帮助普罗大众,2024-05-11,28427,24:21,社科·法律·心理,,https://www.bilibili.com/video/BV1tZ421j7VE
1378,BV16J4m1P7eW,【反诈戒赌】如何搞定入伙传销的爸妈,2024-05-11,16925,07:49,社科·法律·心理,,https://www.bilibili.com/video/BV16J4m1P7eW
1379,BV1GT421X7gL,【现实建议】青年工学结合克服迷茫，规培生爸妈坐牢了咋办，哪种年轻人值得被帮助，卡夫卡的生活不值得过,2024-05-11,40478,31:52,社科·法律·心理,,https://www.bilibili.com/video/BV1GT421X7gL
1380,BV1kU411f72m,【意识形态配置学】思想工作一抓就灵的关键,2024-05-17,35314,39:19,社科·法律·心理,,https://www.bilibili.com/video/BV1kU411f72m
1381,BV1H1421q7vx,【发展路线】温和稳健——我们的经济原则、企业要讲社会主义责任、那些原教旨团体的致命缺陷、我们要把握好规模发展的节奏,2024-05-18,22302,20:34,社科·法律·心理,,https://www.bilibili.com/video/BV1H1421q7vx
1382,BV17D421V7Vf,【情况介绍】千里之行，始于“足下”,2024-05-18,18151,26:09,社科·法律·心理,,https://www.bilibili.com/video/BV17D421V7Vf
1383,BV1wD421V7UV,【情况介绍】不当家不知柴米贵，不当家不知豺狼恶,2024-05-18,24010,35:43,社科·法律·心理,,https://www.bilibili.com/video/BV1wD421V7UV
1384,BV1tD421V7wS,【随便聊聊】我近期心情不好的主要原因,2024-05-18,41714,19:16,社科·法律·心理,,https://www.bilibili.com/video/BV1tD421V7wS
1385,BV1Cm421M7eJ,【随便聊聊】如何看待白眼狼,2024-05-18,55861,34:24,社科·法律·心理,,https://www.bilibili.com/video/BV1Cm421M7eJ
1386,BV1Ui421U7dV,【经营原则】严禁自残自戕，远离一切以自残自戕为要挟的破坏分子，严禁信息骚扰,2024-05-24,24217,31:28,社科·法律·心理,,https://www.bilibili.com/video/BV1Ui421U7dV
1387,BV1Px4y1p7ir,【实事求是】警惕一种针对我们团队的新型攻击方式——制造、收集病例做黑材料,2024-05-24,21903,23:54,社科·法律·心理,,https://www.bilibili.com/video/BV1Px4y1p7ir
1388,BV1wy411Y7vs,【生活建议】学历对于劳动者就业的一般意义,2024-05-25,53777,20:46,社科·法律·心理,,https://www.bilibili.com/video/BV1wy411Y7vs
1389,BV1kJ4m1w7oh,【现实观察】围点打援，宜在速胜,2024-05-27,86826,80:26,社科·法律·心理,,https://www.bilibili.com/video/BV1kJ4m1w7oh
1390,BV1GZ421W7Jp,【生活建议】生活困顿，也必须做到三件事——不可伤害弱者，不取不义之财，不可煽动仇恨,2024-05-31,36740,12:46,社科·法律·心理,,https://www.bilibili.com/video/BV1GZ421W7Jp
1391,BV1U7421d7Ny,【现实观察】如何看待目前网上和线下的两个特殊情况,2024-05-31,35476,20:14,社科·法律·心理,,https://www.bilibili.com/video/BV1U7421d7Ny
1392,BV1Jn4y1d77G,【实事求是】到底谁是我们的受众，也就是说，谁是我们自己人,2024-06-02,48391,110:47,社科·法律·心理,,https://www.bilibili.com/video/BV1Jn4y1d77G
1393,BV1nS411K7pb,【创造发明】淘汰失足业，解决性压抑——素体+混合现实,2024-06-05,46018,33:08,社科·法律·心理,,https://www.bilibili.com/video/BV1nS411K7pb
1394,BV1bS411K7TL,【广而告之】我们工坊的生产和发展方向,2024-06-05,30445,97:58,社科·法律·心理,,https://www.bilibili.com/video/BV1bS411K7TL
1395,BV1Yf421D726,【实事求是】我不是汪精卫，某些人或许更应当把我当作斯大林,2024-06-09,40467,175:13,日常,,https://www.bilibili.com/video/BV1Yf421D726
1396,BV1Qs421M7SS,【行动建议】在岗无产青年要做好这几点,2024-06-09,40990,16:06,社科·法律·心理,,https://www.bilibili.com/video/BV1Qs421M7SS
1397,BV1Km421L7F7,【实事求是】真左与网左的绝对区别——是否真实地促进了生产资料的公有化；网左即假左，网左玷污了“同志”这一称呼,2024-06-11,61400,70:10,社科·法律·心理,,https://www.bilibili.com/video/BV1Km421L7F7
1398,BV1E6421Z7co,【庶政学】X=1，现代政治的基点,2024-06-16,31269,20:50,社科·法律·心理,,https://www.bilibili.com/video/BV1E6421Z7co
1399,BV1zE421N71X,【现实观察】职业非官方活动家、业余庶民活动人士、无知激进问题少年,2024-06-18,44852,122:10,社科·法律·心理,,https://www.bilibili.com/video/BV1zE421N71X
1400,BV1NE421N7Zj,【现实观察】堕落的“激进游牧无产”——植青俱乐部必然能够识别、降伏、驱除这群装成良善好汉混进来的恶鬼,2024-06-21,37033,112:15,社科·法律·心理,,https://www.bilibili.com/video/BV1NE421N7Zj
1401,BV1Ax4y1t7kK,【意识形态学】姜萍事件舆论背后的阶级间意识形态博弈,2024-06-22,47443,10:08,社科·法律·心理,,https://www.bilibili.com/video/BV1Ax4y1t7kK
1402,BV1ZE421P7XL,【实事求是】和尚打伞无法无天？嘉靖修仙似道非道,2024-06-22,26605,17:51,社科·法律·心理,,https://www.bilibili.com/video/BV1ZE421P7XL
1403,BV1Ti421v77D,【实事求是】论教育与革命发生的（不）可能性、无产阶级的两种新（固有）的斗争,2024-06-22,23506,82:49,社科·法律·心理,,https://www.bilibili.com/video/BV1Ti421v77D
1404,BV16s421T7DP,【现实观察】两个注定失败的历史盲动——不疑有他的原教旨L主义，精致利己的民粹化M主义,2024-06-22,30864,53:23,社科·法律·心理,,https://www.bilibili.com/video/BV16s421T7DP
1405,BV1sZ421g7aE,【直播录像】关于现代教育、无产阶级、政治精英、物质生产与历史运动关系的理论灌输,2024-06-22,60271,154:01,社科·法律·心理,,https://www.bilibili.com/video/BV1sZ421g7aE
1406,BV1Gi421v71r,【实事求是】把工时议题说透说清（上）,2024-06-26,47976,124:58,社科·法律·心理,,https://www.bilibili.com/video/BV1Gi421v71r
1407,BV1WE421N7Tu,【实事求是】把工时议题说透说清（下）,2024-06-26,24437,124:57,社科·法律·心理,,https://www.bilibili.com/video/BV1WE421N7Tu
1408,BV1J6421Z7L6,【实事求是】炒作工时议题、怀揣社民主义政纲的歹毒自媒体，你也配谈“社会主义”？,2024-06-26,79411,81:34,社科·法律·心理,,https://www.bilibili.com/video/BV1J6421Z7L6
1409,BV1JM4m1U7e1,【庶政群丑录】西北鸽王严元章，假冒伪劣的恩格斯,2024-06-28,42977,174:19,社科·法律·心理,,https://www.bilibili.com/video/BV1JM4m1U7e1
1410,BV1oS411w7hf,【对谈闲聊】境外老登不要对我们指手画脚,2024-06-29,42908,18:47,社科·法律·心理,,https://www.bilibili.com/video/BV1oS411w7hf
1411,BV1Qs421T7Gu,【实事求是】共产主义运动与总体主义的成功和失败,2024-06-29,29227,40:37,社科·法律·心理,,https://www.bilibili.com/video/BV1Qs421T7Gu
1412,BV19b421J7hy,【历史与主体】现代性下普遍的精神病理化和行动中的痊愈,2024-06-29,44653,44:12,社科·法律·心理,,https://www.bilibili.com/video/BV19b421J7hy
1413,BV1Fz421z7Sz,【现实观察】宣传越激进，行动越无力,2024-06-29,32363,42:29,社科·法律·心理,,https://www.bilibili.com/video/BV1Fz421z7Sz
1414,BV1Sf421B7f3,【实事求是】宣传工作的原则、策略、当前内容和应当避免的错误,2024-06-29,44051,81:37,社科·法律·心理,,https://www.bilibili.com/video/BV1Sf421B7f3
1415,BV1ZM4m127dw,【随便聊聊】历史与运动中的苍白与细腻,2024-07-04,59510,73:02,社科·法律·心理,,https://www.bilibili.com/video/BV1ZM4m127dw
1416,BV1Nr421M77o,【实事求是】为什么说我救了某人一“命”,2024-07-05,79791,45:30,社科·法律·心理,,https://www.bilibili.com/video/BV1Nr421M77o
1417,BV1DS421R7ud,【实事求是】某人持有的是中国护照，某人绝对效忠我国政府，这不止是入籍必然要求,2024-07-14,48959,04:27,社科·法律·心理,,https://www.bilibili.com/video/BV1DS421R7ud
1418,BV1tZ421T7Tb,【庶政群丑录】步人后尘李厚辰，口舌之翼若垂天之云，倾唾成雨亦负舟无力——25岁就做了腐败堕落大人物白手套的用二手庸俗哲学给人洗脑的古墓派野心家,2024-07-16,74377,87:47,社科·法律·心理,,https://www.bilibili.com/video/BV1tZ421T7Tb
1419,BV12r421M7Gk,【现实观察】萝卜快跑？NO！低空经济？YES！——预防危机和解决矛盾的发展才是好发展，掌握力量且关乎秩序的就业才是好就业,2024-07-20,72697,148:41,社科·法律·心理,,https://www.bilibili.com/video/BV12r421M7Gk
1420,BV1ar421K79C,【实事求是】猫-狗-主人的三元组——贯穿现代人的经济政治和身份认同关系的结构,2024-07-24,59427,67:23,社科·法律·心理,,https://www.bilibili.com/video/BV1ar421K79C
1421,BV1pT42167M4,【实事求是】人可以直接地是自己的奴隶，人不可能直接是自己的主人，狗可以变成效忠于狼群的狼，猫永远无法成为狮子和老虎,2024-07-24,51024,13:53,社科·法律·心理,,https://www.bilibili.com/video/BV1pT42167M4
1422,BV19W42197to,【意识形态学】到底什么叫做“萝卜快跑”,2024-07-27,60198,54:20,社科·法律·心理,,https://www.bilibili.com/video/BV19W42197to
1423,BV1sb421J7Z7,【随便聊聊】致我的反对者们,2024-08-01,91290,99:30,社科·法律·心理,,https://www.bilibili.com/video/BV1sb421J7Z7
1424,BV1TW42197z3,【庶政群丑录】永远健康马千瞩——老骥伏枥，志在千里？不，腾蛇乘雾，终为土灰,2024-08-03,70861,73:13,社科·法律·心理,,https://www.bilibili.com/video/BV1TW42197z3
1425,BV1iS421X7pJ,【人机教学】可别扯什么行动（不）行动了，太次了，家禽不仅变不成凤凰，连野鸡都算不上,2024-08-06,59612,78:35,社科·法律·心理,,https://www.bilibili.com/video/BV1iS421X7pJ
1426,BV1GE4m1d7qS,【随便聊聊】恰同学少年，不是恰同志少年,2024-08-09,99727,226:48,社科·法律·心理,,https://www.bilibili.com/video/BV1GE4m1d7qS
1427,BV11Z421N7AM,【行动建议】把这两类妄人从我们的团队里清除出去,2024-08-13,22319,09:25,社科·法律·心理,,https://www.bilibili.com/video/BV11Z421N7AM
1428,BV19i421h7tz,【实事求是】比网“左”更可笑，可耻，可悲的，是妄“左”,2024-08-13,42008,17:24,社科·法律·心理,,https://www.bilibili.com/video/BV19i421h7tz
1429,BV1dW421X7nv,【随便听听】某个群内一次针对我的“学习会”,2024-08-14,98745,19:15,社科·法律·心理,,https://www.bilibili.com/video/BV1dW421X7nv
1430,BV1bM4m117Yd,【意识形态学】极左、中左、中右、极右的四种民粹主义在原教旨幌子下暂时共存,2024-08-17,27291,10:41,社科·法律·心理,,https://www.bilibili.com/video/BV1bM4m117Yd
1431,BV1cx4y147F9,【无神论的宗教史】对应西方一百五十年宗教改革，释经权下放，原教旨意识形态失去总体动员力,2024-08-17,33451,34:10,社科·法律·心理,,https://www.bilibili.com/video/BV1cx4y147F9
1432,BV1Ni421a7yG,【实事求是】老路走不通，邪路走不通，要走实事求是的新路,2024-08-17,28462,42:53,社科·法律·心理,,https://www.bilibili.com/video/BV1Ni421a7yG
1433,BV1qE421w7X9,【随便聊聊】大力发展对等平行于高等教育体系的职业技术教育，突破历史局限性需要从整体和根源上着手和思考,2024-08-18,27260,37:45,社科·法律·心理,,https://www.bilibili.com/video/BV1qE421w7X9
1434,BV1ZZ421T7bL,【历史与现实】国际局势不乐观，青年生活要努力,2024-08-18,71643,25:39,社科·法律·心理,,https://www.bilibili.com/video/BV1ZZ421T7bL
1435,BV1NT421r7J4,【历史与现实】苏马就是西马，“左”人就是润人,2024-08-20,68453,142:24,社科·法律·心理,,https://www.bilibili.com/video/BV1NT421r7J4
1436,BV1aw4m1k7xR,【意识形态分析】黑神话？悟了就空了就不用玩了,2024-08-22,154275,174:58,社科·法律·心理,,https://www.bilibili.com/video/BV1aw4m1k7xR
1437,BV1qM4m1a7kD,【连麦回放】反驳一些辩护,2024-08-25,37419,174:38,社科·法律·心理,,https://www.bilibili.com/video/BV1qM4m1a7kD
1438,BV17E421c71z,【实事求是】和一个激进原教旨主义者的对话和后续思考,2024-08-25,45223,71:19,社科·法律·心理,,https://www.bilibili.com/video/BV17E421c71z
1439,BV1Zz421e7Qr,【质问回放】目前皮球被某人踢给了齐泽克,2024-08-25,83749,21:34,社科·法律·心理,,https://www.bilibili.com/video/BV1Zz421e7Qr
1440,BV1tT421z7Rc,【实事求是】白板发财网的李某某是智力有问题还是人品有问题？,2024-08-30,42351,49:08,社科·法律·心理,,https://www.bilibili.com/video/BV1tT421z7Rc
1441,BV1rU411m732,【历史与现实】国际共产主义运动和资本主义的总的关系,2024-08-31,74288,58:00,社科·法律·心理,,https://www.bilibili.com/video/BV1rU411m732
1442,BV1WjHseREiq,【权力动力学】“凭什么”×4——前现代权力的四个环节,2024-09-03,37028,12:11,社科·法律·心理,,https://www.bilibili.com/video/BV1WjHseREiq
1443,BV1dXHWe3EBc,【庶政学专题】现代权力与政治：权力动力学、政治静力学、派系形态学,2024-09-04,73533,239:57,社科·法律·心理,,https://www.bilibili.com/video/BV1dXHWe3EBc
1444,BV1ZBHQesEXi,【直播回放】涉工民粹必然失败——经济上反动到指标资本化的特权等级制，政治上必然被自由主义篡夺领导权,2024-09-06,49379,187:41,社科·法律·心理,,https://www.bilibili.com/video/BV1ZBHQesEXi
1445,BV1gyphe9Eav,【实事求是】到底谁才是无产阶级,2024-09-08,49256,24:11,社科·法律·心理,,https://www.bilibili.com/video/BV1gyphe9Eav
1446,BV1tKpheSEUT,【实事求是】如何维护无产阶级的利益,2024-09-08,41302,33:21,社科·法律·心理,,https://www.bilibili.com/video/BV1tKpheSEUT
1447,BV1WQpBewEyZ,【逃生通道】造神容易拜神危险，请君入瓮何必多言——某些人似乎傍上了道道通吃的大人物,2024-09-09,52987,07:11,社科·法律·心理,,https://www.bilibili.com/video/BV1WQpBewEyZ
1448,BV1KJ4xegELS,【实事求是】致京圈所有草根\学院\遗老派的左翼团体——要从童润中的“独立政治生命”的乍生乍死中学到教训，看清自己,2024-09-13,68415,119:18,社科·法律·心理,,https://www.bilibili.com/video/BV1KJ4xegELS
1449,BV1bqtvekEhG,【现实观察】关于戒网瘾学校,2024-09-17,73699,121:29,社科·法律·心理,,https://www.bilibili.com/video/BV1bqtvekEhG
1450,BV1ZntveWEJs,【未来与现实】关于养老问题,2024-09-18,37922,171:01,社科·法律·心理,,https://www.bilibili.com/video/BV1ZntveWEJs
1451,BV1MZteegEYq,【实事求是】职场的职级序列里的高薪小资是资产阶级的教士、文书、税吏、打手、帮凶和总预备队，通过高额消费和投机来维持并提升阶级地位 ——绝非无产阶级！,2024-09-18,37175,49:42,社科·法律·心理,,https://www.bilibili.com/video/BV1MZteegEYq
1452,BV1tytqe1EEs,【实事求是】发钱和消费品的UBI都没用，甚至更坏——掌握生产资料、扭转力量对比才有用，可以从基本通讯保障开始做起,2024-09-18,31108,15:55,社科·法律·心理,,https://www.bilibili.com/video/BV1tytqe1EEs
1453,BV1hqtqenEd4,【现实观察】卢员外的话：不是说给无产阶级听的，是说给失意的和底层的资产阶级听的,2024-09-18,54588,21:20,社科·法律·心理,,https://www.bilibili.com/video/BV1hqtqenEd4
1454,BV1sJtneZEpw,【庶政学】个人与共同体的纽结，核心概念：籍,2024-09-19,67887,167:41,社科·法律·心理,,https://www.bilibili.com/video/BV1sJtneZEpw
1455,BV1VSxge6Eu1,【实事求是】“所谓政治，就是把朋友搞得多多的，把敌人搞得少少的”——到底怎么搞？,2024-09-26,65723,93:19,社科·法律·心理,,https://www.bilibili.com/video/BV1VSxge6Eu1
1456,BV1QExAemEta,【实事求是】抛弃幻想，自力更生,2024-09-28,88769,182:25,社科·法律·心理,,https://www.bilibili.com/video/BV1QExAemEta
1457,BV19NxhecEFZ,【实事求是】植青俱乐部账目公示（23.7-24.8）,2024-10-01,26918,34:22,日常,,https://www.bilibili.com/video/BV19NxhecEFZ
1458,BV1ddx8eTEk3,【国庆快乐】国庆假期“丰富多彩”的植青俱乐部活动预告和介绍,2024-10-01,37727,12:22,日常,,https://www.bilibili.com/video/BV1ddx8eTEk3
1459,BV1332kYbEsy,【行动建议】《长征路上开超市》——谁批判它谁就是没头脑的蠢货，没行动的懦夫,2024-10-11,90972,14:50,日常,,https://www.bilibili.com/video/BV1332kYbEsy
1460,BV1be2rY9EUi,【实事求是】我们是冰雪、是钢铁、是严厉的共产主义者,2024-10-11,59510,26:41,社科·法律·心理,,https://www.bilibili.com/video/BV1be2rY9EUi
1461,BV1NhyFYZETq,【随便聊聊】火焰行走在深渊底部——作为敞开自由的革命者起步之歌《灰色轨迹》,2024-10-17,39176,35:13,乐评盘点,,https://www.bilibili.com/video/BV1NhyFYZETq
1462,BV1SPycYNEPa,【随便聊聊】网左小曲为什么是网左小曲——论《大石碎胸口》中四种失败的革命观,2024-10-17,110073,80:34,乐评盘点,,https://www.bilibili.com/video/BV1SPycYNEPa
1463,BV1So1wYrEgR,【随便聊聊】奴才和小妾吵架——识破民粹男权和白色女权的合谋把戏,2024-10-24,139303,61:10,社科·法律·心理,,https://www.bilibili.com/video/BV1So1wYrEgR
1464,BV1fQ1HY2EyV,【哲学与现实】什么是心斋,2024-10-26,67429,98:06,社科·法律·心理,,https://www.bilibili.com/video/BV1fQ1HY2EyV
1465,BV1tK1EYDEBH,【辩证法的历险】下半部分：萨特的超布尔什维主义及其缺陷,2024-10-29,60650,134:18,社科·法律·心理,,https://www.bilibili.com/video/BV1tK1EYDEBH
1466,BV15vS3YpE9K,【辩证法的历险】续（2）：萨特与梅洛庞蒂对于法共态度的理论原因,2024-10-30,31949,135:10,社科·法律·心理,,https://www.bilibili.com/video/BV15vS3YpE9K
1467,BV1tXSoYBEHs,【辩证法的历险】续（3）萨特推崇的“预备革命者”是怎样的一种蹩脚生存论蛇皮,2024-11-02,30528,119:21,社科·法律·心理,,https://www.bilibili.com/video/BV1tXSoYBEHs
1468,BV1uoDWYSEUq,【辩证法的历险】（续4）先锋队和无产阶级和无产者的关系（萨特所认为的）,2024-11-05,24565,136:19,社科·法律·心理,,https://www.bilibili.com/video/BV1uoDWYSEUq
1469,BV1oMDjYuEqL,【辩证法的历险】续（5）：萨特意义上的先锋队和无产阶级的 同一性的片面性和讨论空间的不可能性,2024-11-07,21877,128:28,社科·法律·心理,,https://www.bilibili.com/video/BV1oMDjYuEqL
1470,BV1a4DaYGEao,【辩证法的历险】续（6）先锋队作为历史的真相的生产机制,2024-11-09,24679,135:27,社科·法律·心理,,https://www.bilibili.com/video/BV1a4DaYGEao
1471,BV12RmHYaEqp,【辩证法的历险】续（7）先锋队在阶级运动的潮汐中与革命的关系,2024-11-12,19545,135:57,社科·法律·心理,,https://www.bilibili.com/video/BV12RmHYaEqp
1472,BV1qcU3YQEtJ,【辩证法的历险】续（8）先锋队如何引导无产阶级从生活上进入政治,2024-11-14,22043,136:55,社科·法律·心理,,https://www.bilibili.com/video/BV1qcU3YQEtJ
1473,BV1S3mZYqEko,【辩证法的历险】续（9）让无产阶级来将物质的辩证法和理论家的辩证法隔开,2024-11-16,36593,126:17,社科·法律·心理,,https://www.bilibili.com/video/BV1S3mZYqEko
1474,BV1tsUsYCEtH,【辩证法的历险】续（10）坚持历史性，拒斥历史的总体主义,2024-11-19,22571,82:27,社科·法律·心理,,https://www.bilibili.com/video/BV1tsUsYCEtH
1475,BV1FVUyYXEdw,【辩证法的历险】续（11）革命不仅是一个阶级推翻另一个阶级，更是阶级的自我扬弃,2024-11-21,23860,125:47,社科·法律·心理,,https://www.bilibili.com/video/BV1FVUyYXEdw
1476,BV1PQBqYEEXD,【辩证法的历险】续（12）从社会哲学和符号学上瓦解萨特的政治哲学根基,2024-11-23,24987,129:56,社科·法律·心理,,https://www.bilibili.com/video/BV1PQBqYEEXD
1477,BV1f3zNYEE5a,【实事求是】营营苟苟又何妨,2024-11-26,50387,29:10,社科·法律·心理,,https://www.bilibili.com/video/BV1f3zNYEE5a
1478,BV1R2BoYHEgm,【现实观察】三种披着左皮的愚蠢,2024-11-28,65484,136:58,社科·法律·心理,,https://www.bilibili.com/video/BV1R2BoYHEgm
1479,BV1LqzLY3Eto,【实事求是】穷人一定要给小孩买电脑,2024-11-30,58643,42:23,社科·法律·心理,,https://www.bilibili.com/video/BV1LqzLY3Eto
1480,BV1YrzLYBEk6,【行动建议】做扇动翅膀的蝴蝶，不做贱卖生命的标本——我国无产青年正确的激进化路线,2024-11-30,56894,90:31,社科·法律·心理,,https://www.bilibili.com/video/BV1YrzLYBEk6
1481,BV1Fr6TYhE9d,【实事求是】致白色女权激进分子的境内头目们,2024-12-03,89498,49:58,社科·法律·心理,,https://www.bilibili.com/video/BV1Fr6TYhE9d
1482,BV1AsikYWEtD,【经营方向】NPC计划——工坊经营和数据共产主义的方向,2024-12-07,41799,58:26,社科·法律·心理,,https://www.bilibili.com/video/BV1AsikYWEtD
1483,BV1hJB7YqE69,【实事求是】消费主义时代的享乐-生产义务、极端性的发生学和伪激进性的反动性,2024-12-15,81860,88:57,社科·法律·心理,,https://www.bilibili.com/video/BV1hJB7YqE69
1484,BV1sBkGY9EpE,【实事求是】年轻人不要瞎逼搞，正儿八经和生产资料相结合就是实打实的有生力量,2024-12-17,65996,73:32,社科·法律·心理,,https://www.bilibili.com/video/BV1sBkGY9EpE
1485,BV19bkzYyEEk,【植青小屋】小屋工作年度总结+盖世工坊新品介绍,2024-12-19,45269,04:36,手工,植青小屋,https://www.bilibili.com/video/BV19bkzYyEEk
1486,BV17wkQYQEza,【历史与现实】主宰人类的三种力量，以及解放人类的三个契机,2024-12-21,86473,116:19,社科·法律·心理,,https://www.bilibili.com/video/BV17wkQYQEza
1487,BV19gCvYNEcF,【行动路线】发展老挝，大有可为,2024-12-26,53511,39:26,社科·法律·心理,,https://www.bilibili.com/video/BV19gCvYNEcF
1488,BV1G2CkY9EN1,【哲学与革命教育】对教科书必修四哲学的去庸俗化（1）——本体论（上）,2024-12-27,113697,96:28,社科·法律·心理,,https://www.bilibili.com/video/BV1G2CkY9EN1
1489,BV16jryYNEbT,【好自为之】富人们应该怎样兜底性地押宝中国经济,2025-01-07,29493,17:15,社科·法律·心理,,https://www.bilibili.com/video/BV16jryYNEbT
1490,BV1z7ryYeEti,【实事求是】某些人怎样，和我没关系,2025-01-07,32572,27:17,社科·法律·心理,,https://www.bilibili.com/video/BV1z7ryYeEti
1491,BV1z7ryYeEZg,【现实观察】底层体力无产青年的一条可行的发展之路,2025-01-07,60200,40:04,社科·法律·心理,,https://www.bilibili.com/video/BV1z7ryYeEZg
1492,BV1HGw7e1EjN,【历史与现实】“花落自有花开日，蓄芳待来年”,2025-01-17,54719,13:52,社科·法律·心理,,https://www.bilibili.com/video/BV1HGw7e1EjN
1493,BV1ETw1eXEVt,【填词翻唱】凤歌,2025-01-20,26220,05:43,社科·法律·心理,未明子歌集,https://www.bilibili.com/video/BV1ETw1eXEVt
1494,BV1snwxeGEbB,【意识形态动员学】“八小时工作制”这个口号的实质,2025-01-21,56252,69:28,社科·法律·心理,,https://www.bilibili.com/video/BV1snwxeGEbB
1495,BV1BMweepEum,【实事求是】小红书对账的对与不对以及小资喉舌们的双重幻想,2025-01-22,72088,34:19,社科·法律·心理,,https://www.bilibili.com/video/BV1BMweepEum
1496,BV1VHf4YSENR,【填词翻唱】《花鸟风月》,2025-01-22,36049,05:24,翻唱,未明子歌集,https://www.bilibili.com/video/BV1VHf4YSENR
1497,BV1rgfQYPEnz,【随便聊聊】世事如棋，棋如世事,2025-01-28,59841,98:38,社科·法律·心理,,https://www.bilibili.com/video/BV1rgfQYPEnz
1498,BV1V9Fbe8EXL,【群丑录实录】“好的我全世界宣布我喜欢你”“这就坦荡荡了”“我找机会宣布”,2025-01-29,91876,83:58,社科·法律·心理,,https://www.bilibili.com/video/BV1V9Fbe8EXL
1499,BV15VFMeTETT,【实事求是】为什么“左”圈性骚扰频发,2025-01-30,90282,27:05,社科·法律·心理,,https://www.bilibili.com/video/BV15VFMeTETT
1500,BV1ALFXeCESS,【随便住住】非要带女同志找房住,2025-01-31,66110,14:08,搞笑,,https://www.bilibili.com/video/BV1ALFXeCESS
1501,BV1F2PZeaEPJ,【行动路线】开办灵魂工厂，走向智力共产主义——我们即将成立的苏州咨询公司的主要业务,2025-02-04,51967,46:24,社科·法律·心理,,https://www.bilibili.com/video/BV1F2PZeaEPJ
1502,BV19UAVetEvS,【丑态毕露】李天然拍股记&保姆式勤务员,2025-02-16,35541,27:06,社科·法律·心理,,https://www.bilibili.com/video/BV19UAVetEvS
1503,BV1JVwSeNEaY,【现实观察】人工智能本地部署、社区部署的政治意义,2025-02-17,30921,23:35,社科·法律·心理,,https://www.bilibili.com/video/BV1JVwSeNEaY
1504,BV1GtwSeREw7,【实事求是】应试教育本就是无产阶级的自发斗争，作为斗争工具和斗争成果的青少年应有觉悟和担当,2025-02-17,125697,99:26,社科·法律·心理,,https://www.bilibili.com/video/BV1GtwSeREw7
1505,BV1sRPweUEHs,【意识形态学】哪吒2的意识形态结构分析,2025-02-22,131934,62:09,社科·法律·心理,,https://www.bilibili.com/video/BV1sRPweUEHs
1506,BV1haPEeBEfP,【路线批判】人造革的伪原教旨民粹主义,2025-02-27,40607,142:26,社科·法律·心理,,https://www.bilibili.com/video/BV1haPEeBEfP
1507,BV16y9NYdE6X,【治病救人】利用大V影响力，全国拉群组的路子行不通——不要胡作非为，要好好过上正经的新生活,2025-02-28,28201,59:16,社科·法律·心理,,https://www.bilibili.com/video/BV16y9NYdE6X
1508,BV1Zu9NYSE8H,【实事求是】资方少搞些甩锅手段，决策者莫中这种花招，提高单价保障直接待遇，完善灵活就业社保方案，才是正路,2025-02-28,34721,43:26,社科·法律·心理,,https://www.bilibili.com/video/BV1Zu9NYSE8H
1509,BV1Wh9GYUEGJ,【回应信件】一个17岁的读不进书的高中生该怎么办，我的建议,2025-03-01,43307,19:30,社科·法律·心理,,https://www.bilibili.com/video/BV1Wh9GYUEGJ
1510,BV1r5XUYGEnt,【随便聊聊】我们是有所追求有所落实的新一代国际共产主义者,2025-03-01,47483,42:26,社科·法律·心理,,https://www.bilibili.com/video/BV1r5XUYGEnt
1511,BV1zm9zYQE9U,【信仰要求】坚持无神论不动摇,2025-03-04,35041,11:40,社科·法律·心理,,https://www.bilibili.com/video/BV1zm9zYQE9U
1512,BV1vo9zY1Eeo,【团队纪律】禁止键政,2025-03-04,59155,18:03,社科·法律·心理,,https://www.bilibili.com/video/BV1vo9zY1Eeo
1513,BV1CL9fYLEiB,【随便聊聊】被害妄想症的真相,2025-03-06,63592,59:35,社科·法律·心理,,https://www.bilibili.com/video/BV1CL9fYLEiB
1514,BV18b9DYeE3s,【随便聊聊】何为抑郁，怎样不抑郁,2025-03-08,112171,120:27,社科·法律·心理,,https://www.bilibili.com/video/BV18b9DYeE3s
1515,BV1ciQCYfEx9,【随便聊聊】如何成为一个有所作为的历史人物,2025-03-15,62189,89:03,社科·法律·心理,,https://www.bilibili.com/video/BV1ciQCYfEx9
1516,BV1FbX3YMEb9,【实事求是】给所有初高中“学运”分子的一大番话,2025-03-18,64797,140:46,社科·法律·心理,,https://www.bilibili.com/video/BV1FbX3YMEb9
1517,BV1AYX7YfEDg,【店内观察】沸思驰骋着纤力，何待昊天溺浊汶,2025-03-19,100225,20:44,社科·法律·心理,,https://www.bilibili.com/video/BV1AYX7YfEDg
1518,BV14VXFYUEYn,【虚与委蛇】想评三好学生？须先改邪归正，再去找班主任,2025-03-20,61449,127:48,社科·法律·心理,,https://www.bilibili.com/video/BV14VXFYUEYn
1519,BV1sCX2YyE5w,【实事求是】革命无理，所以更要革命，造反有罪，所以绝不造反,2025-03-22,92279,79:52,社科·法律·心理,,https://www.bilibili.com/video/BV1sCX2YyE5w
1520,BV1aJZTYxEUP,【实事求是】说给穷苦家庭高中生的一大番话,2025-03-27,69603,110:45,社科·法律·心理,,https://www.bilibili.com/video/BV1aJZTYxEUP
1521,BV1jiofYkEjw,【实事求是】讲给穷苦的中年人的一大番话,2025-03-29,34698,56:32,社科·法律·心理,,https://www.bilibili.com/video/BV1jiofYkEjw
1522,BV1jiofYkEWj,【现实观察】整治未来的00后、10后的民粹盲动，需要现在就做好多平台合围,2025-03-29,66719,63:31,社科·法律·心理,,https://www.bilibili.com/video/BV1jiofYkEWj
1523,BV16qZxYdEiS,【现实观察】处置教育失败的青少年的最反动方案已经出现——不是戒网瘾学校,2025-04-01,79271,101:01,社科·法律·心理,,https://www.bilibili.com/video/BV16qZxYdEiS
1524,BV1ZHfgYyEHn,【能力培养】首先做到去性化，然后适应两种心理状态，培养两种心理习惯,2025-04-03,79663,60:18,社科·法律·心理,,https://www.bilibili.com/video/BV1ZHfgYyEHn
1525,BV1TFRSYbEcR,【啰嗦慎入】我们欢迎什么样的青年成为什么样的人,2025-04-05,61530,102:58,社科·法律·心理,,https://www.bilibili.com/video/BV1TFRSYbEcR
1526,BV1Ynd7YUEgP,【行动建议】不管天塌不塌，都要努力做顶天立地的高个子,2025-04-08,58109,34:50,社科·法律·心理,,https://www.bilibili.com/video/BV1Ynd7YUEgP
1527,BV12jduYEEYg,【庶政学】权力的三个基本性质,2025-04-10,73045,153:36,社科·法律·心理,,https://www.bilibili.com/video/BV12jduYEEYg
1528,BV1iddQYQE7D,【随便聊聊】普通人如何扬弃性的压抑，革命者如何扬弃爱的压抑,2025-04-12,99946,128:02,社科·法律·心理,,https://www.bilibili.com/video/BV1iddQYQE7D
1529,BV11p5qzAE6s,【实事求是】被迫配种的本已是囚，革命者应该如何恋爱,2025-04-18,68922,40:08,社科·法律·心理,,https://www.bilibili.com/video/BV11p5qzAE6s
1530,BV1zz5zzFENq,【历史唯物主义】革命与爱情,2025-04-18,69596,34:47,社科·法律·心理,,https://www.bilibili.com/video/BV1zz5zzFENq
1531,BV17jL9zKE9n,【回应连麦】既为瓦碎，须以玉全——致一位为子女操心的母亲,2025-04-26,40707,24:16,社科·法律·心理,,https://www.bilibili.com/video/BV17jL9zKE9n
1532,BV15pL9zwEhk,【类比说明】“革命者”的三阶段——人妖、伪娘和异装癖,2025-04-26,76057,31:42,社科·法律·心理,,https://www.bilibili.com/video/BV15pL9zwEhk
1533,BV1kEVszWEbm,【实事求是】这不是巧合，这是历史的真实的普遍性,2025-05-07,68048,09:20,社科·法律·心理,,https://www.bilibili.com/video/BV1kEVszWEbm
1534,BV1zDEBzqExD,【历史与哲学】突破权力辩证法的原初命令的结构——“念”,2025-05-15,40527,25:33,社科·法律·心理,,https://www.bilibili.com/video/BV1zDEBzqExD
1535,BV1H7JTzXEEd,【行动建议】首要任务不是做群众工作，而是做自己和自己人的工作,2025-05-18,36381,11:58,社科·法律·心理,,https://www.bilibili.com/video/BV1H7JTzXEEd
1536,BV1YFEUzpEsT,【实事求是】5000元真伪现场探访,2025-05-19,60565,01:14,社科·法律·心理,,https://www.bilibili.com/video/BV1YFEUzpEsT
1537,BV1BVJWz8EBW,【庶政学】反抗运动中的等级制和特权，以及如何识别一种并非解放者而为求救者的伪革命者,2025-05-23,56141,58:25,社科·法律·心理,,https://www.bilibili.com/video/BV1BVJWz8EBW
1538,BV1qR7az2EzY,【随便聊聊】如何看待陈腐者,2025-06-04,22593,07:49,社科·法律·心理,,https://www.bilibili.com/video/BV1qR7az2EzY
1539,BV1J87YzXECK,【实事求是】为落后者灌输真正的灌输论,2025-06-04,33038,37:35,社科·法律·心理,,https://www.bilibili.com/video/BV1J87YzXECK
1540,BV16D7azJEcm,【行动建议】与其害怕死亡，更应害怕衰老,2025-06-04,45687,09:20,社科·法律·心理,,https://www.bilibili.com/video/BV16D7azJEcm
1541,BV1vNTqzFEve,【爱欲经济学】爱情的阶次和解放,2025-06-10,70459,85:12,社科·法律·心理,,https://www.bilibili.com/video/BV1vNTqzFEve
1542,BV1Y7M4zNEfF,【行动指南】从爱情走向革命,2025-06-15,32650,43:18,社科·法律·心理,,https://www.bilibili.com/video/BV1Y7M4zNEfF
1543,BV1KhM4zxEqi,【青囊黄庭】革命的三元丹法（1）：总纲及地元丹法简介,2025-06-15,32439,25:10,社科·法律·心理,,https://www.bilibili.com/video/BV1KhM4zxEqi
1544,BV1QsNhzNEuN,【人生抉择】一个美好生命的消失——我矢志不渝投身彻底的社会改造事业的契机,2025-06-17,112845,118:41,社科·法律·心理,,https://www.bilibili.com/video/BV1QsNhzNEuN
1545,BV1VVNLztEc7,【随便聊聊】学术酒吧之我见——给我那么高待遇干啥？一石三鸟的买卖不亏本,2025-06-18,50285,19:59,社科·法律·心理,,https://www.bilibili.com/video/BV1VVNLztEc7
1546,BV1acKfzEEWS,【实事求是】为什么职业革命家一定要学习黑格尔哲学,2025-06-27,30998,08:59,社科·法律·心理,,https://www.bilibili.com/video/BV1acKfzEEWS
1547,BV1SWKZzCE32,【实事求是】保有权力的职业革命家的长期任务是不断进行自我革命,2025-06-27,16555,10:38,社科·法律·心理,,https://www.bilibili.com/video/BV1SWKZzCE32
1548,BV1xLTcz2E2h,【青囊黄庭】革命的内丹术（2）：从情欲到爱情到婚姻到生育的小周天循环,2025-06-27,16213,12:01,社科·法律·心理,,https://www.bilibili.com/video/BV1xLTcz2E2h
1549,BV1J8TczTELo,【青囊黄庭】革命的内丹术（3）：人元丹法（上）充实组织的中丹田，化小爱为大爱的组织发展之术,2025-06-27,14920,19:32,社科·法律·心理,,https://www.bilibili.com/video/BV1J8TczTELo
1550,BV13oKyzyEaV,【意识形态学】《李白》——纳粹主义的资产阶级女性帮凶的行动纲领,2025-06-28,153205,63:30,社科·法律·心理,,https://www.bilibili.com/video/BV13oKyzyEaV
1551,BV1vb3gzYEss,【历史唯物主义】无产者指南——无产阶级的阶级意识是什么？哪种无产者属于无产阶级？什么是无产阶级的纪律来源？,2025-07-04,37950,40:00,社科·法律·心理,,https://www.bilibili.com/video/BV1vb3gzYEss
1552,BV1EM3VzyEVo,【历史唯物主义】服从从何而来？——纪律的现代发生范式转变：从意识形态动员走向教育和交易,2025-07-04,35322,12:39,社科·法律·心理,,https://www.bilibili.com/video/BV1EM3VzyEVo
1553,BV1DT3UzwEbj,【实事求是】心之三贼：但是、一直、其实——穿越三种“穿越性”的幻想,2025-07-05,49920,08:49,社科·法律·心理,,https://www.bilibili.com/video/BV1DT3UzwEbj
1554,BV1RAGsz6EC5,【诗词鉴赏】《高阳台 江眠》中的才智和抱负——聊聊24岁的我写的一首词,2025-07-09,20430,34:49,社科·法律·心理,,https://www.bilibili.com/video/BV1RAGsz6EC5
1555,BV1LnGWzgEXg,【诗词鉴赏】《八声甘州 上元》中的气概和担当——28岁的年轻知识分子在目睹权力伟力下萌发的野心和转变,2025-07-09,32127,24:53,社科·法律·心理,,https://www.bilibili.com/video/BV1LnGWzgEXg
1556,BV1FUuAzSErT,【现实观察】“红姐”与速朽爱情的密集恐惧症,2025-07-14,79061,57:26,社科·法律·心理,,https://www.bilibili.com/video/BV1FUuAzSErT
1557,BV1MeuAzFEK1,【行动建议】如何处置想搭便车的失意文人,2025-07-14,46568,12:55,社科·法律·心理,,https://www.bilibili.com/video/BV1MeuAzFEK1
1558,BV1qp8AzFEPy,【行动建议】在生活之中拥抱历史，不做逃离生活的懦夫,2025-07-24,49954,26:36,社科·法律·心理,,https://www.bilibili.com/video/BV1qp8AzFEPy
1559,BV1Te8hzxEwj,【实事求是】生命缺乏真实的分量，才会对死亡耿耿于怀,2025-07-27,107541,60:09,社科·法律·心理,,https://www.bilibili.com/video/BV1Te8hzxEwj
1560,BV1aAhLzsENb,【实事求是】大勇者必有大怯,2025-08-04,75199,06:14,社科·法律·心理,,https://www.bilibili.com/video/BV1aAhLzsENb
1561,BV1Nf4ozWEo1,【实事求是】坚决消灭邪恶，坚决伸张正义，绝不拱手让人，绝不束手待毙,2025-08-06,67504,17:45,社科·法律·心理,,https://www.bilibili.com/video/BV1Nf4ozWEo1
1562,BV1YEtNzXE7e,【行动原理】平民性与非平民性的关系及过渡,2025-08-07,44808,14:09,社科·法律·心理,,https://www.bilibili.com/video/BV1YEtNzXE7e
1563,BV1VHt8zZELo,【革命内丹术】理论前提（1）——阴阳两仪及转动的阴阳鱼，地上和地下的关系,2025-08-10,27860,35:35,社科·法律·心理,,https://www.bilibili.com/video/BV1VHt8zZELo
1564,BV1BdtazGEBE,【哲学与现实】爱情升级指南——当你说“我爱你”时，你到底在怎说什么,2025-08-10,127766,106:35,社科·法律·心理,,https://www.bilibili.com/video/BV1BdtazGEBE
1565,BV1QvbMzaETr,【哲学基础】第一讲：作为爱智慧的哲学,2025-08-11,183030,51:14,社科·法律·心理,哲学基础,https://www.bilibili.com/video/BV1QvbMzaETr
1566,BV1yDbMzHEWh,【哲学基础】第二讲：作为过渡和堕落的哲学,2025-08-11,74618,64:50,社科·法律·心理,哲学基础,https://www.bilibili.com/video/BV1yDbMzHEWh
1567,BV1k9bMzJEb7,【哲学基础】第三讲：作为神爱论和时间史的哲学,2025-08-11,43579,61:23,社科·法律·心理,哲学基础,https://www.bilibili.com/video/BV1k9bMzJEb7
1568,BV1CQbMzDEge,【哲学基础】第四讲：作为资产阶级革命的哲学,2025-08-11,38488,51:15,社科·法律·心理,哲学基础,https://www.bilibili.com/video/BV1CQbMzDEge
1569,BV12ybMzxEJF,【哲学基础】第五讲：作为意识形态学和叛乱术的哲学,2025-08-11,35376,44:37,社科·法律·心理,哲学基础,https://www.bilibili.com/video/BV12ybMzxEJF
1570,BV1ymbMzWEoP,【哲学基础】第六讲：作为肉欲-理型的现象学与后现象学,2025-08-11,57207,56:06,社科·法律·心理,哲学基础,https://www.bilibili.com/video/BV1ymbMzWEoP
1571,BV1AXYdzcEJv,【项目介绍】进一步彭城万里——第二家俱乐部我会开在哪里,2025-08-22,55366,14:20,社科·法律·心理,,https://www.bilibili.com/video/BV1AXYdzcEJv
1572,BV1GkeezHEXj,【决策手册】“知道”的五个层级——上位决策者稳健的认知博弈策略,2025-08-23,71996,56:12,社科·法律·心理,,https://www.bilibili.com/video/BV1GkeezHEXj
1573,BV11xajzHECz,【实事求是】何为建制？我们的态度,2025-09-01,101921,26:46,社科·法律·心理,,https://www.bilibili.com/video/BV11xajzHECz
1574,BV1cRaLzCEwD,【随便聊聊】辛苦了，在炎热的夏天里大踏步前进；休息吧，准备迎接清凉金秋的新考验,2025-09-01,48879,19:21,社科·法律·心理,,https://www.bilibili.com/video/BV1cRaLzCEwD
1575,BV1xeaazwEWB,【行动建议】去黑帮化、去黄毛化,2025-09-06,39985,48:32,社科·法律·心理,,https://www.bilibili.com/video/BV1xeaazwEWB
1576,BV12AaBz2EAo,【哲学基础】第七讲：通过人类学路径把握作为世界的超越性的哲学,2025-09-06,20622,49:48,社科·法律·心理,哲学基础,https://www.bilibili.com/video/BV12AaBz2EAo
1577,BV1yMaBzVE5u,【哲学基础】第八讲：通过享乐来划分两种哲学：资产阶级哲学与战时无产阶级哲学,2025-09-06,19747,36:58,社科·法律·心理,哲学基础,https://www.bilibili.com/video/BV1yMaBzVE5u
1578,BV11KaBzyE7t,【哲学基础】第九讲：用于满足庸常理智的作为重复的蹩脚哲学,2025-09-06,15648,44:50,社科·法律·心理,哲学基础,https://www.bilibili.com/video/BV11KaBzyE7t
1579,BV1z7aBzTEpi,【哲学基础】第十讲：通过符号学路径把握作为梦的发生学和神话编织术的哲学,2025-09-06,16123,60:18,社科·法律·心理,哲学基础,https://www.bilibili.com/video/BV1z7aBzTEpi
1580,BV1fnaBzNEJW,【哲学基础】第十一讲：如同庸常婚姻终结爱情的作为资产阶级辩护术的反-哲学,2025-09-06,19050,58:07,社科·法律·心理,哲学基础,https://www.bilibili.com/video/BV1fnaBzNEJW
1581,BV1yuaBzCEwM,【哲学基础】第十二讲：超出人类而又陪伴人类的，作为生活探索的基础的哲学,2025-09-06,27644,59:24,社科·法律·心理,哲学基础,https://www.bilibili.com/video/BV1yuaBzCEwM
1582,BV1XFYjzAE1J,【实践学】第一讲：何为实践——你也配谈实践？,2025-09-08,59018,46:43,社科·法律·心理,,https://www.bilibili.com/video/BV1XFYjzAE1J
1583,BV1v6YEzCEEE,【实践学】第二讲：亚里士多德式的实践，在现代必然走向黑帮化,2025-09-08,20294,22:22,社科·法律·心理,,https://www.bilibili.com/video/BV1v6YEzCEEE
1584,BV11EYEzZEvA,【实践学】第三讲：康德式的实践，从集体倒错走向传销,2025-09-08,19458,30:31,社科·法律·心理,,https://www.bilibili.com/video/BV11EYEzZEvA
1585,BV1qeYEzmEa7,【实践学】第四讲：黑格尔式的实践，催生出乡贤式的工业资本家,2025-09-08,28801,32:12,社科·法律·心理,,https://www.bilibili.com/video/BV1qeYEzmEa7
1586,BV1s4YFz6Evi,【实践学】第五讲：马克思式的实践，在当代至多成立脑力劳动者社群和民间智库,2025-09-09,22666,41:28,社科·法律·心理,,https://www.bilibili.com/video/BV1s4YFz6Evi
1587,BV1kQafzeENt,【实践学】第六讲：列宁式的实践，其烈度在现代对应的是输出革命性质的情报机构,2025-09-09,34261,38:15,社科·法律·心理,,https://www.bilibili.com/video/BV1kQafzeENt
1588,BV1NoHdzMEY5,【实践学】第七讲：斯大林式的实践，现代纪律组织的绞肉机式内斗,2025-09-11,35191,65:19,社科·法律·心理,,https://www.bilibili.com/video/BV1NoHdzMEY5
1589,BV1Xmp3zbECx,【实践学】第八讲：教员式的实践的内在机理，如何延续和发展,2025-09-13,65788,96:38,社科·法律·心理,,https://www.bilibili.com/video/BV1Xmp3zbECx
1590,BV1gJpmzsEMZ,【发展建议】俱乐部经营项目的人才培养思路,2025-09-17,26800,38:24,社科·法律·心理,,https://www.bilibili.com/video/BV1gJpmzsEMZ
1591,BV1STnKzeEXC,【现实观察】从某个前网红的遭遇说开去,2025-09-23,90442,59:48,社科·法律·心理,,https://www.bilibili.com/video/BV1STnKzeEXC
1592,BV1q4nszeEXH,【随便聊聊】我们露马脚了，欢迎抵近观察——除了这四种人,2025-09-25,27566,17:27,社科·法律·心理,,https://www.bilibili.com/video/BV1q4nszeEXH
1593,BV1q4nszeEru,【行动建议】塑造塑造者——以生活情态和人生目标为导向,2025-09-25,32544,42:50,社科·法律·心理,,https://www.bilibili.com/video/BV1q4nszeEru
1594,BV1pVnVzCE13,【随便聊聊】有所作为，提高职业度,2025-09-27,26511,12:04,社科·法律·心理,,https://www.bilibili.com/video/BV1pVnVzCE13
1595,BV1bQn6zaEVw,【实践学】虚实之辩：虚则实之，实则虚之，虚虚实实，务实实者为俊杰,2025-09-30,47338,83:02,社科·法律·心理,,https://www.bilibili.com/video/BV1bQn6zaEVw
1596,BV1AA4Wz9EFM,【随便聊聊】成为职业选手的基本的认知习惯,2025-10-11,38732,57:28,社科·法律·心理,,https://www.bilibili.com/video/BV1AA4Wz9EFM
1597,BV1644pz7Euu,【线下对措】允许通过灵活就业，满足一定时长和绩效要求，来获得或维持正式会员资格,2025-10-11,37701,22:02,社科·法律·心理,,https://www.bilibili.com/video/BV1644pz7Euu
1598,BV17RWUzVERh,【经营思路】坚决打倒：行政中心主义、技术专业主义、政治严酷主义，管理层压在一线执行人员身上的三座大山,2025-10-21,48958,47:43,社科·法律·心理,,https://www.bilibili.com/video/BV17RWUzVERh
1599,BV1ykyxBRE4u,【现实观察】杜绝1+0的享乐和生活模式,2025-10-30,63429,70:27,社科·法律·心理,,https://www.bilibili.com/video/BV1ykyxBRE4u
1600,BV1cS13BUEds,【一百分钟哲学】女性四部曲：爱情、婚姻、生育、教育——从《半点心》得到亿点心得,2025-11-01,59360,102:10,社科·法律·心理,,https://www.bilibili.com/video/BV1cS13BUEds
1601,BV1d91DB7EWH,【行动指南】参与意义重大的实践要做的初步主观准备：预备介入的智识姿态调整,2025-11-08,17777,39:51,社科·法律·心理,,https://www.bilibili.com/video/BV1d91DB7EWH
1602,BV1d91DB7EWV,【实事求是】如何在历史铁律和社会张力的网络中过一种政治的斗争的生活,2025-11-08,33337,84:36,社科·法律·心理,,https://www.bilibili.com/video/BV1d91DB7EWV
1603,BV1zakvBiEDB,【实事求是】反对道德主义、形式主义和个人主义,2025-11-11,45820,75:27,社科·法律·心理,,https://www.bilibili.com/video/BV1zakvBiEDB
1604,BV1KBCMBrEaL,植青俱乐部青年解放指南｜抵近观察支教一线,2025-11-14,24715,13:11,日常,植青生活服务项目记录,https://www.bilibili.com/video/BV1KBCMBrEaL
1605,BV1TWCVB4Efi,【意识形态学】“哈基米南北绿豆”——底层小白领和青年学生的微弱至极的生活诉求和阶级意识初表达,2025-11-15,89683,59:55,社科·法律·心理,,https://www.bilibili.com/video/BV1TWCVB4Efi
1606,BV1WRCqBpEBA,【随便聊聊】作为制定战略的决策者应采取的姿态,2025-11-18,38532,58:27,社科·法律·心理,,https://www.bilibili.com/video/BV1WRCqBpEBA
1607,BV1y7UBBNE3t,【随便聊聊】克服性压抑的办法：成为英雄单位,2025-11-27,37520,11:38,社科·法律·心理,,https://www.bilibili.com/video/BV1y7UBBNE3t
1608,BV1EmUqBdEx4,【现实观察】你为什么犯病,2025-11-27,36515,18:28,社科·法律·心理,,https://www.bilibili.com/video/BV1EmUqBdEx4
1609,BV1oSUqBWERV,【随便聊聊】怎样思考才不会成为庸人,2025-11-27,58859,33:48,社科·法律·心理,,https://www.bilibili.com/video/BV1oSUqBWERV
1610,BV1RDSTBNEMo,【正禾·晨生】做现实的理想主义者｜正禾晨生支教项目实录·重庆站,2025-11-28,35252,40:02,日常,植青生活服务项目记录,https://www.bilibili.com/video/BV1RDSTBNEMo
1611,BV1A3S7BCEX5,【正禾·助农】蜂蜜的前世今生｜正禾助农项目实录·重庆站,2025-11-29,17964,14:05,日常,植青生活服务项目记录,https://www.bilibili.com/video/BV1A3S7BCEX5
1612,BV1WPSmBfEPB,【行动建议】如何扬弃平民性,2025-12-02,54397,29:25,社科·法律·心理,,https://www.bilibili.com/video/BV1WPSmBfEPB
1613,BV1Zt22BkEtn,【项目介绍】直营的植青俱乐部的基本经营项目和价值导向,2025-12-09,27778,59:56,社科·法律·心理,,https://www.bilibili.com/video/BV1Zt22BkEtn
1614,BV1yxmsBbEi6,【正禾·助农】腊肉飘香，铺就增收路｜正禾助农项目实录,2025-12-10,15890,15:16,日常,植青生活服务项目记录,https://www.bilibili.com/video/BV1yxmsBbEi6
1615,BV1bym8BDEm9,【回答问题】对一位刚毕业的大厂程序员的建议,2025-12-10,35336,27:34,社科·法律·心理,,https://www.bilibili.com/video/BV1bym8BDEm9
1616,BV1RxmUB1E9v,【实事求是】战略决策者的关键推理步骤,2025-12-13,24869,27:01,社科·法律·心理,,https://www.bilibili.com/video/BV1RxmUB1E9v
1617,BV17ZqxBFEsC,【经营建议】合租宿舍的人数安排等问题,2025-12-16,15857,24:05,社科·法律·心理,,https://www.bilibili.com/video/BV17ZqxBFEsC
1618,BV1jfqxBbErW,【实事求是】关于培训项目的一点说明,2025-12-16,18177,13:06,社科·法律·心理,,https://www.bilibili.com/video/BV1jfqxBbErW
1619,BV1ufq7B4EoP,【实事求是】第一步：唱好唱对唱齐，生活的主歌部分,2025-12-18,40258,48:27,社科·法律·心理,,https://www.bilibili.com/video/BV1ufq7B4EoP
1620,BV1DJB5BJEAY,【正禾·助农】橙满枝头路难行 | 正禾助农项目实录 · 江西站,2025-12-24,37653,15:26,日常,植青生活服务项目记录,https://www.bilibili.com/video/BV1DJB5BJEAY
1621,BV1fKiPBhEhs,【动一动】俱乐部（1）和聚会（1-1）,2025-12-31,58110,47:13,社科·法律·心理,,https://www.bilibili.com/video/BV1fKiPBhEhs
1622,BV1buzABHE7v,【职业手册】对神圣人的监控与控制,2026-01-23,121189,31:20,社科·法律·心理,,https://www.bilibili.com/video/BV1buzABHE7v
1623,BV1ZzzTB7EXt,【实事求是】你爱的，是一个对我进行人身威胁的亲口承认了的在逃电诈分子,2026-01-23,176353,53:47,社科·法律·心理,,https://www.bilibili.com/video/BV1ZzzTB7EXt
1624,BV1g9ztBtEVo,【行动指南】新的运动载体：培训部,2026-01-26,48198,26:47,社科·法律·心理,,https://www.bilibili.com/video/BV1g9ztBtEVo
1625,BV1nhztBVEqA,【行动指南】一定要分清两种激进性,2026-01-26,139586,11:32,社科·法律·心理,,https://www.bilibili.com/video/BV1nhztBVEqA
1626,BV1iUFjz9EcQ,【行动方向】无产阶级应当尽早组建具身智能产业的远征军,2026-02-07,70656,28:13,社科·法律·心理,,https://www.bilibili.com/video/BV1iUFjz9EcQ
1627,BV1y8FtziExH,【行动方案】围绕共利培训体系的发展路径,2026-02-08,59189,30:51,社科·法律·心理,,https://www.bilibili.com/video/BV1y8FtziExH
1628,BV1macKzUEmV,植青2025年度总结——扎根在断裂处,2026-02-09,117351,24:29,日常,植青生活服务项目记录,https://www.bilibili.com/video/BV1macKzUEmV
1629,BV17gf2BuEbZ,【知无不言】革命与内丹术的关系,2026-02-24,37189,24:57,日常,,https://www.bilibili.com/video/BV17gf2BuEbZ
1630,BV1FPf2BVEu6,【革命内丹术】吐纳和真炁的明喻,2026-02-24,20752,11:03,社科·法律·心理,,https://www.bilibili.com/video/BV1FPf2BVEu6
1631,BV1npf1B3EGy,【革命内丹术】真的是比喻，你们别不信：金丹到底指什么,2026-02-24,24259,19:39,社科·法律·心理,,https://www.bilibili.com/video/BV1npf1B3EGy
1632,BV1u1f1BxEaV,【革命内丹术】何为双修？乾道、坤道的特点和差别——一个历史性的明喻,2026-02-24,82208,11:44,社科·法律·心理,,https://www.bilibili.com/video/BV1u1f1BxEaV
1633,BV16rP3zZEoS,【发展战略】培训部的三级体系和发展思路,2026-03-02,32770,27:24,社科·法律·心理,,https://www.bilibili.com/video/BV16rP3zZEoS
1634,BV1eiPczHEqg,【重大调整】植青生活服务的互保机制,2026-03-04,16777,18:35,社科·法律·心理,,https://www.bilibili.com/video/BV1eiPczHEqg
1635,BV1UNPczkEkE,【发展方向】今年我们团队在农村工作的主要思路,2026-03-04,69524,12:27,社科·法律·心理,,https://www.bilibili.com/video/BV1UNPczkEkE
1636,BV1XDwSzEEK2,【哲学进阶】现代哲学（总论）,2026-03-17,93823,106:43,社科·法律·心理,哲学进阶•现代哲学,https://www.bilibili.com/video/BV1XDwSzEEK2
1637,BV1qWAsz9E9h,【哲学进阶】现代哲学《第一哲学沉思录》第一讲,2026-03-21,43372,120:10,社科·法律·心理,哲学进阶•现代哲学,https://www.bilibili.com/video/BV1qWAsz9E9h
1638,BV18XXcBnEz6,【哲学进阶】现代哲学 《第一哲学沉思录》第二讲 第二个沉思（上）,2026-03-24,26525,122:58,社科·法律·心理,哲学进阶•现代哲学,https://www.bilibili.com/video/BV18XXcBnEz6
1639,BV1edXTBkE6t,【哲学进阶】现代哲学《第一哲学沉思录》第四讲 第三个沉思（1）,2026-03-27,12038,141:30,社科·法律·心理,哲学进阶•现代哲学,https://www.bilibili.com/video/BV1edXTBkE6t
1640,BV1YZXTB3Epf,【哲学进阶】现代哲学《第一哲学沉思录》第三讲 第二个沉思（下）,2026-03-27,13302,132:36,社科·法律·心理,哲学进阶•现代哲学,https://www.bilibili.com/video/BV1YZXTB3Epf
1641,BV132XgBjER4,【实事求是】对某特定行为的披露和定性,2026-03-28,39499,08:20,社科·法律·心理,,https://www.bilibili.com/video/BV132XgBjER4
1642,BV1vVDKBvEqL,【哲学进阶】现代哲学《第一哲学沉思录》第六讲 第三个沉思（3）,2026-04-04,6471,129:26,社科·法律·心理,哲学进阶•现代哲学,https://www.bilibili.com/video/BV1vVDKBvEqL
1643,BV1iVDKBvEuF,【哲学进阶】现代哲学《第一哲学沉思录》第五讲 第三个沉思（2）,2026-04-04,6250,135:16,社科·法律·心理,哲学进阶•现代哲学,https://www.bilibili.com/video/BV1iVDKBvEuF
1644,BV1iVDKBvEFP,【课间对谈】哲学学习路径，儒学儒教范式转化等,2026-04-04,16796,145:20,社科·法律·心理,哲学进阶•现代哲学,https://www.bilibili.com/video/BV1iVDKBvEFP
1645,BV1sRDNBUE4E,【哲学进阶】现代哲学《第一哲学沉思录》第七讲 第三个沉思（4）,2026-04-04,8022,135:07,社科·法律·心理,哲学进阶•现代哲学,https://www.bilibili.com/video/BV1sRDNBUE4E
1646,BV1NRDNBUE5e,【哲学进阶】现代哲学《第一哲学沉思录》第八讲 第三个沉思（结尾）第四个沉思（1）,2026-04-04,28789,118:47,社科·法律·心理,哲学进阶•现代哲学,https://www.bilibili.com/video/BV1NRDNBUE5e
1647,BV1V2dhBmEPP,【哲学进阶】现代哲学《第一哲学沉思录》第十五讲 第六个沉思（3）,2026-04-16,6188,132:06,社科·法律·心理,哲学进阶•现代哲学,https://www.bilibili.com/video/BV1V2dhBmEPP
1648,BV1V1dhBEEYn,【哲学进阶】现代哲学《第一哲学沉思录》第十六讲 第六个沉思（4）,2026-04-16,9153,120:27,社科·法律·心理,哲学进阶•现代哲学,https://www.bilibili.com/video/BV1V1dhBEEYn
1649,BV13SdhB1E7i,【哲学进阶】现代哲学《第一哲学沉思录》第十七讲 第六个沉思（5）,2026-04-16,12486,125:55,社科·法律·心理,哲学进阶•现代哲学,https://www.bilibili.com/video/BV13SdhB1E7i
1650,BV1QKoxBYEHn,【哲学进阶】现代哲学《第一哲学沉思录》第十八讲 第六个沉思（6）,2026-04-22,2952,106:08,社科·法律·心理,哲学进阶•现代哲学,https://www.bilibili.com/video/BV1QKoxBYEHn
1651,BV1guoxBaE2x,【哲学进阶】现代哲学《第一哲学沉思录》第十九讲 第六个沉思（7）,2026-04-22,3284,106:12,社科·法律·心理,哲学进阶•现代哲学,https://www.bilibili.com/video/BV1guoxBaE2x
1652,BV1guoxBaEsn,【哲学进阶】现代哲学《第一哲学沉思录》第九讲 第四个沉思（2）,2026-04-22,6323,137:10,社科·法律·心理,哲学进阶•现代哲学,https://www.bilibili.com/video/BV1guoxBaEsn
1653,BV1RFoxBqEzo,【哲学进阶】现代哲学《第一哲学沉思录》第十三讲 第六个沉思（1）,2026-04-22,2301,43:40,社科·法律·心理,哲学进阶•现代哲学,https://www.bilibili.com/video/BV1RFoxBqEzo
1654,BV19woxBKEnb,【哲学进阶】现代哲学《第一哲学沉思录》第十讲 第四个沉思（结尾）第五个沉思（1）,2026-04-22,2704,122:47,社科·法律·心理,哲学进阶•现代哲学,https://www.bilibili.com/video/BV19woxBKEnb
1655,BV19woxBTEyT,【哲学进阶】现代哲学《第一哲学沉思录》第十二讲 第五个沉思（结尾）,2026-04-22,2892,71:51,社科·法律·心理,哲学进阶•现代哲学,https://www.bilibili.com/video/BV19woxBTEyT
1656,BV19woxBKEhL,【哲学进阶】现代哲学《第一哲学沉思录》第十一讲 第五个沉思（2）,2026-04-22,2998,145:32,社科·法律·心理,哲学进阶•现代哲学,https://www.bilibili.com/video/BV19woxBKEhL
1657,BV1RFoxBqEYx,【哲学进阶】现代哲学《第一哲学沉思录》第十四讲 第六个沉思（2）,2026-04-22,3606,133:04,社科·法律·心理,哲学进阶•现代哲学,https://www.bilibili.com/video/BV1RFoxBqEYx
1658,BV1yHoxBpE24,【哲学进阶】第十一讲后第三次对谈 关于拖延症和临场发挥,2026-04-22,8765,95:13,社科·法律·心理,哲学进阶•现代哲学,https://www.bilibili.com/video/BV1yHoxBpE24
1659,BV1bVoxBfExq,【哲学进阶】现代哲学《第一哲学沉思录》第二十讲 第六个沉思（结尾）,2026-04-22,13475,129:35,社科·法律·心理,哲学进阶•现代哲学,https://www.bilibili.com/video/BV1bVoxBfExq
1660,BV1gA9xBREEE,【哲学进阶】黑格尔《逻辑学》第一讲 存有论（1） 有-无-生成,2026-04-30,26511,139:01,社科·法律·心理,哲学进阶•现代哲学,https://www.bilibili.com/video/BV1gA9xBREEE
1661,BV1H69sB6EeF,【哲学进阶】黑格尔《逻辑学》第二讲 存有论（2）扬弃-定在,2026-04-30,10021,114:30,社科·法律·心理,哲学进阶•现代哲学,https://www.bilibili.com/video/BV1H69sB6EeF
1662,BV1Wq9sBkExb,【哲学进阶】黑格尔《逻辑学》第三讲 存有论（3）某事儿-别的什么,2026-04-30,6962,130:16,社科·法律·心理,哲学进阶•现代哲学,https://www.bilibili.com/video/BV1Wq9sBkExb
1663,BV1KL9tBsEao,【哲学进阶】黑格尔《逻辑学》第四讲 存有论（4）有限性-限度-应然,2026-04-30,27941,100:03,社科·法律·心理,哲学进阶•现代哲学,https://www.bilibili.com/video/BV1KL9tBsEao
1664,BV1a25g6QEgD,【哲学进阶】黑格尔《逻辑学》第五讲 存有论（5）应然-有限,2026-05-13,4554,130:16,社科·法律·心理,哲学进阶•现代哲学,https://www.bilibili.com/video/BV1a25g6QEgD
1665,BV1ge5V6tE7b,【哲学进阶】 黑格尔《逻辑学》第六讲 存有论（6）无限性,2026-05-13,3590,119:40,社科·法律·心理,哲学进阶•现代哲学,https://www.bilibili.com/video/BV1ge5V6tE7b
1666,BV1Vt5V6aEWY,【哲学进阶】 黑格尔《逻辑学》第七讲 存有论（7）有限和无限的关系,2026-05-13,3952,116:39,社科·法律·心理,哲学进阶•现代哲学,https://www.bilibili.com/video/BV1Vt5V6aEWY
1667,BV1N25V6JEu9,【哲学进阶】 黑格尔《逻辑学》第八讲 存有论（8）无限和自在存在,2026-05-13,12188,219:52,社科·法律·心理,哲学进阶•现代哲学,https://www.bilibili.com/video/BV1N25V6JEu9
1668,BV1zAGL6zENs,【哲学进阶】黑格尔《逻辑学》第九讲 存有论（9） 有限侧与无限侧的虚假统一,2026-05-24,3392,123:27,社科·法律·心理,哲学进阶•现代哲学,https://www.bilibili.com/video/BV1zAGL6zENs
1669,BV1rfG56GEvK,【哲学进阶】黑格尔《逻辑学》第十讲 存有论（10）用一个无限过程消解无限侧,2026-05-24,3273,112:17,社科·法律·心理,哲学进阶•现代哲学,https://www.bilibili.com/video/BV1rfG56GEvK
1670,BV1iMGL6KE9J,【哲学进阶】黑格尔《逻辑学》第十一讲 存有论（11）作为对整体谎言进行揭穿的实情的真的无限,2026-05-24,4104,89:23,社科·法律·心理,哲学进阶•现代哲学,https://www.bilibili.com/video/BV1iMGL6KE9J
1671,BV19hG56hEfV,【哲学进阶】 黑格尔《逻辑学》第十二讲  存有论（12） 无限与理念性,2026-05-24,14970,291:19,社科·法律·心理,哲学进阶•现代哲学,https://www.bilibili.com/video/BV19hG56hEfV
1672,BV189EN6jEEE,【冬梅线下】哲学第一讲：什么是观念论,2026-06-05,32352,152:31,社科·法律·心理,哲学进阶•现代哲学,https://www.bilibili.com/video/BV189EN6jEEE
1673,BV19h7168EMr,【实事求是】我们目前的路线、结构和对内要求,2026-06-06,17459,12:11,社科·法律·心理,,https://www.bilibili.com/video/BV19h7168EMr
1674,BV1sEE26HExJ,【冬梅线下】哲学第二讲：唯心主义与观念论,2026-06-10,13713,142:42,社科·法律·心理,,https://www.bilibili.com/video/BV1sEE26HExJ
1675,BV1haEB66Eg1,【项目介绍】暑期项目：模拟法庭辩论赛,2026-06-12,9982,20:10,社科·法律·心理,,https://www.bilibili.com/video/BV1haEB66Eg1
1676,BV1DaEB66EzF,【理论指导】从缠斗论转向拟态论,2026-06-12,20719,19:18,社科·法律·心理,,https://www.bilibili.com/video/BV1DaEB66EzF
1677,BV13hEB63En5,【发明创造】色彩定位万向鞋、听说手套、足球射手模拟器,2026-06-12,14199,47:24,社科·法律·心理,,https://www.bilibili.com/video/BV13hEB63En5
1678,BV1eGJ46mEHQ,【任务宣示】拟成立AITEM和ITEM,2026-06-14,17325,11:04,社科·法律·心理,,https://www.bilibili.com/video/BV1eGJ46mEHQ
1679,BV1yt7c69EAx,【赛事说明】凝聚共识、引导利益，锻炼政治能力——模拟法庭辩论赛的赛制及其目的,2026-06-22,5694,15:04,社科·法律·心理,,https://www.bilibili.com/video/BV1yt7c69EAx
1680,BV1147c6sEKs,【实践路线】拟态论阶段性总结 我们工作的八个方面,2026-06-22,12037,14:53,社科·法律·心理,,https://www.bilibili.com/video/BV1147c6sEKs
1681,BV1aRTA6mEGF,【项目预告】150元在线装配电工培训和电工论坛,2026-06-28,7635,09:31,社科·法律·心理,,https://www.bilibili.com/video/BV1aRTA6mEGF
1682,BV1wLTP6NE9h,【对敌攻略】国际劳工仲裁庭，欢迎有识之士加入,2026-06-28,13131,07:29,社科·法律·心理,,https://www.bilibili.com/video/BV1wLTP6NE9h
1683,BV1TXM56kESZ,【行动指南】追求新的劳动纪律、树立新的健康标准——劳动委员和卫生委员，扩展为劳动纪律委员和卫生健康委员,2026-07-09,6437,47:17,社科·法律·心理,,https://www.bilibili.com/video/BV1TXM56kESZ
1684,BV1RrMj6ZEVz,【之所共适】激进政治的哲学基础,2026-07-09,18552,74:12,社科·法律·心理,,https://www.bilibili.com/video/BV1RrMj6ZEVz
1685,BV1CiN46cEzm,【现实观察】潮酷的作用是给真挚打掩护,2026-07-11,32875,11:46,社科·法律·心理,,https://www.bilibili.com/video/BV1CiN46cEzm
1686,BV1nwN46sEHv,【随便聊聊】到底什么是现代、后现代、主体性,2026-07-11,19102,35:10,社科·法律·心理,,https://www.bilibili.com/video/BV1nwN46sEHv
1687,BV1KQNx6wEVa,【实事求是】启蒙失败：知识阶层对人口的总体智性阉割,2026-07-11,21416,45:04,社科·法律·心理,,https://www.bilibili.com/video/BV1KQNx6wEVa
1688,BV1RGN462EBs,【实事求是】近二十年地下激进“左”运简史,2026-07-11,38361,112:33,社科·法律·心理,,https://www.bilibili.com/video/BV1RGN462EBs
1689,BV1P8No6mEsB,【生活建议】年轻人如何社会化以及增长思维、沟通和行动能力,2026-07-18,45240,92:02,社科·法律·心理,,https://www.bilibili.com/video/BV1P8No6mEsB
1690,BV1fD3o69EiP,【实事求是】地下工运的唯一可行形式和它的闭环要件，以及一桩极不体面的反例,2026-08-03,30364,51:45,社科·法律·心理,,https://www.bilibili.com/video/BV1fD3o69EiP
1691,BV1S8hA6MEvy,【现实观察】B站键政已进入二阶段：财政独立、立场伪装、议题影射、全职运作,2026-08-27,32794,131:42,社科·法律·心理,,https://www.bilibili.com/video/BV1S8hA6MEvy
